event_name,fighter_name,bonus_type,opponent_name
The Ultimate Fighter: A Champion Will Be Crowned Finale,Jessica Penne,FOTN,Randa Markos
The Ultimate Fighter: A Champion Will Be Crowned Finale,Randa Markos,FOTN,Jessica Penne
The Ultimate Fighter: A Champion Will Be Crowned Finale,Carla Esparza,POTN,
The Ultimate Fighter: A Champion Will Be Crowned Finale,Yancy Medeiros,POTN,
The Ultimate Fighter: Heavyweights Finale,Frankie Edgar,FOTN,Matt Veach
The Ultimate Fighter: Heavyweights Finale,Matt Veach,FOTN,Frankie Edgar
The Ultimate Fighter: Heavyweights Finale,Roy Nelson,KOTN,
The Ultimate Fighter: Heavyweights Finale,Mark Bocek,SOTN,
The Ultimate Fighter: Live Finale,Justin Lawrence,FOTN,John Cofer
The Ultimate Fighter: Live Finale,John Cofer,FOTN,Justin Lawrence
The Ultimate Fighter: Live Finale,Martin Kampmann,KOTN,
The Ultimate Fighter: Live Finale,Justin Lawrence,KOTN,
The Ultimate Fighter: Live Finale,Michael Chiesa,SOTN,
The Ultimate Fighter: Team Carwin vs. Team Nelson Finale,Tim Elliott,FOTN,Jared Papazian
The Ultimate Fighter: Team Carwin vs. Team Nelson Finale,Jared Papazian,FOTN,Tim Elliott
The Ultimate Fighter: Team Carwin vs. Team Nelson Finale,Pat Barry,KOTN,
The Ultimate Fighter: Team Carwin vs. Team Nelson Finale,TJ Waldburger,SOTN,
The Ultimate Fighter: Team Edgar vs. Team Penn Finale,Leandro Issa,FOTN,Jumabieke Tuerxun
The Ultimate Fighter: Team Edgar vs. Team Penn Finale,Jumabieke Tuerxun,FOTN,Leandro Issa
The Ultimate Fighter: Team Edgar vs. Team Penn Finale,Leandro Issa,POTN,
The Ultimate Fighter: Team Edgar vs. Team Penn Finale,Adriano Martins,POTN,
The Ultimate Fighter: Team Hughes vs. Team Serra Finale,Jon Koppenhaver,KOTN,
The Ultimate Fighter: Team Hughes vs. Team Serra Finale,Matt Arroyo,SOTN,
The Ultimate Fighter: Team Jones vs. Team Sonnen Finale,Cat Zingano,FOTN,Miesha Tate
The Ultimate Fighter: Team Jones vs. Team Sonnen Finale,Miesha Tate,FOTN,Cat Zingano
The Ultimate Fighter: Team Jones vs. Team Sonnen Finale,Travis Browne,KOTN,
The Ultimate Fighter: Team Jones vs. Team Sonnen Finale,Daniel Pineda,SOTN,
The Ultimate Fighter: Team Nogueira vs. Team Mir Finale,Junie Browning,FOTN,Dave Kaplan
The Ultimate Fighter: Team Nogueira vs. Team Mir Finale,Dave Kaplan,FOTN,Junie Browning
The Ultimate Fighter: Team Nogueira vs. Team Mir Finale,Anthony Johnson,KOTN,
The Ultimate Fighter: Team Nogueira vs. Team Mir Finale,Krzysztof Soszynski,SOTN,
The Ultimate Fighter: Team Rampage vs Team Forrest Finale,Dustin Hazelett,FOTN,Josh Burkman
The Ultimate Fighter: Team Rampage vs Team Forrest Finale,Josh Burkman,FOTN,Dustin Hazelett
The Ultimate Fighter: Team Rampage vs Team Forrest Finale,Dustin Hazelett,SOTN,
The Ultimate Fighter: Team Rampage vs Team Forrest Finale,Drew McFedries,KOTN,
The Ultimate Fighter: Team Rousey vs. Team Tate Finale,Josh Sampo,FOTN,Ryan Benoit
The Ultimate Fighter: Team Rousey vs. Team Tate Finale,Ryan Benoit,FOTN,Josh Sampo
The Ultimate Fighter: Team Rousey vs. Team Tate Finale,Nate Diaz,KOTN,
The Ultimate Fighter: Team Rousey vs. Team Tate Finale,Chris Holdsworth,SOTN,
The Ultimate Fighter: United States vs. United Kingdom Finale,Tomasz Drwal,KOTN,
The Ultimate Fighter: United States vs. United Kingdom Finale,Jason Dent,SOTN,
UFC 100,Yoshihiro Akiyama,FOTN,Alan Belcher
UFC 100,Alan Belcher,FOTN,Yoshihiro Akiyama
UFC 100,Dan Henderson,KOTN,
UFC 100,Tom Lawlor,SOTN,
UFC 101: Declaration,Anderson Silva,FOTN,Forrest Griffin
UFC 101: Declaration,Forrest Griffin,FOTN,Anderson Silva
UFC 101: Declaration,Anderson Silva,KOTN,
UFC 109: Relentless,Nate Marquardt,FOTN,Chael Sonnen
UFC 109: Relentless,Chael Sonnen,FOTN,Nate Marquardt
UFC 109: Relentless,Matt Serra,KOTN,
UFC 109: Relentless,Paulo Thiago,SOTN,
UFC 112: Invincible,Kendall Grove,FOTN,Mark Munoz
UFC 112: Invincible,Mark Munoz,FOTN,Kendall Grove
UFC 112: Invincible,DaMarques Johnson,KOTN,
UFC 112: Invincible,Rafael dos Anjos,SOTN,
UFC 125: Resolution,Frankie Edgar,FOTN,Gray Maynard
UFC 125: Resolution,Gray Maynard,FOTN,Frankie Edgar
UFC 125: Resolution,Jeremy Stephens,KOTN,
UFC 125: Resolution,Clay Guida,SOTN,
UFC 199: Rockhold vs. Bisping 2,Marco Polo Reyes,FOTN,Dong Hyun Ma
UFC 199: Rockhold vs. Bisping 2,Dong Hyun Ma,FOTN,Marco Polo Reyes
UFC 199: Rockhold vs. Bisping 2,Michael Bisping,POTN,
UFC 199: Rockhold vs. Bisping 2,Dan Henderson,POTN,
UFC 201: Lawler vs. Woodley,Karolina Kowalkiewicz,FOTN,Rose Namajunas
UFC 201: Lawler vs. Woodley,Rose Namajunas,FOTN,Karolina Kowalkiewicz
UFC 201: Lawler vs. Woodley,Tyron Woodley,POTN,
UFC 201: Lawler vs. Woodley,Jake Ellenberger,POTN,
UFC 202: Diaz vs. McGregor 2,Conor McGregor,FOTN,Nate Diaz
UFC 202: Diaz vs. McGregor 2,Nate Diaz,FOTN,Conor McGregor
UFC 202: Diaz vs. McGregor 2,Anthony Johnson,POTN,
UFC 202: Diaz vs. McGregor 2,Donald Cerrone,POTN,
UFC 203: Miocic vs. Overeem,Stipe Miocic,FOTN,Alistair Overeem
UFC 203: Miocic vs. Overeem,Alistair Overeem,FOTN,Stipe Miocic
UFC 203: Miocic vs. Overeem,Jéssica Andrade,POTN,
UFC 203: Miocic vs. Overeem,Yancy Medeiros,POTN,
UFC 206: Holloway vs. Pettis,Cub Swanson,FOTN,Doo Ho Choi
UFC 206: Holloway vs. Pettis,Doo Ho Choi,FOTN,Cub Swanson
UFC 206: Holloway vs. Pettis,Max Holloway,POTN,
UFC 206: Holloway vs. Pettis,Lando Vannata,POTN,
UFC 207: Nunes vs. Rousey,Dominick Cruz,FOTN,Cody Garbrandt
UFC 207: Nunes vs. Rousey,Cody Garbrandt,FOTN,Dominick Cruz
UFC 207: Nunes vs. Rousey,Amanda Nunes,POTN,
UFC 207: Nunes vs. Rousey,Alex Garcia,POTN,
UFC 209: Woodley vs. Thompson 2,David Teymur,FOTN,Lando Vannata
UFC 209: Woodley vs. Thompson 2,Lando Vannata,FOTN,David Teymur
UFC 209: Woodley vs. Thompson 2,Darren Elkins,POTN,
UFC 209: Woodley vs. Thompson 2,Iuri Alcântara,POTN,
UFC 210: Cormier vs. Johnson 2,Shane Burgos,FOTN,Charles Rosa
UFC 210: Cormier vs. Johnson 2,Charles Rosa,FOTN,Shane Burgos
UFC 210: Cormier vs. Johnson 2,Charles Oliveira,POTN,
UFC 210: Cormier vs. Johnson 2,Gregor Gillespie,POTN,
UFC 212: Aldo vs. Holloway,Max Holloway,FOTN,José Aldo
UFC 212: Aldo vs. Holloway,José Aldo,FOTN,Max Holloway
UFC 212: Aldo vs. Holloway,Cláudia Gadelha,POTN,
UFC 212: Aldo vs. Holloway,Brian Kelleher,POTN,
UFC 213: Romero vs. Whittaker,Robert Whittaker,FOTN,Yoel Romero
UFC 213: Romero vs. Whittaker,Yoel Romero,FOTN,Robert Whittaker
UFC 213: Romero vs. Whittaker,Rob Font,POTN,
UFC 213: Romero vs. Whittaker,Chad Laprise,POTN,
UFC 214: Cormier vs. Jones 2,Brian Ortega,FOTN,Renato Moicano
UFC 214: Cormier vs. Jones 2,Renato Moicano,FOTN,Brian Ortega
UFC 214: Cormier vs. Jones 2,Jon Jones,POTN,
UFC 214: Cormier vs. Jones 2,Volkan Oezdemir,POTN,
UFC 216: Ferguson vs. Lee,Lando Vannata,FOTN,Bobby Green
UFC 216: Ferguson vs. Lee,Bobby Green,FOTN,Lando Vannata
UFC 216: Ferguson vs. Lee,Demetrious Johnson,POTN,
UFC 216: Ferguson vs. Lee,John Moraga,POTN,
UFC 219: Cyborg vs. Holm,Cris Cyborg,FOTN,Holly Holm
UFC 219: Cyborg vs. Holm,Holly Holm,FOTN,Cris Cyborg
UFC 219: Cyborg vs. Holm,Khabib Nurmagomedov,POTN,
UFC 219: Cyborg vs. Holm,Tim Elliott,POTN,
UFC 220: Miocic vs. Ngannou,Calvin Kattar,FOTN,Shane Burgos
UFC 220: Miocic vs. Ngannou,Shane Burgos,FOTN,Calvin Kattar
UFC 220: Miocic vs. Ngannou,Daniel Cormier,POTN,
UFC 220: Miocic vs. Ngannou,Abdul Razak Alhassan,POTN,
UFC 221: Romero vs. Rockhold,Jake Matthews,FOTN,Li Jingliang
UFC 221: Romero vs. Rockhold,Li Jingliang,FOTN,Jake Matthews
UFC 221: Romero vs. Rockhold,Israel Adesanya,POTN,
UFC 221: Romero vs. Rockhold,Jussier Formiga,POTN,
UFC 222: Cyborg vs. Kunitskaya,Sean O'Malley,FOTN,Andre Soukhamthath
UFC 222: Cyborg vs. Kunitskaya,Andre Soukhamthath,FOTN,Sean O'Malley
UFC 222: Cyborg vs. Kunitskaya,Brian Ortega,POTN,
UFC 222: Cyborg vs. Kunitskaya,Alexander Hernandez,POTN,
UFC 223: Khabib vs. Iaquinta,Zabit Magomedsharipov,FOTN,Kyle Bochniak
UFC 223: Khabib vs. Iaquinta,Kyle Bochniak,FOTN,Zabit Magomedsharipov
UFC 223: Khabib vs. Iaquinta,Chris Gruetzemacher,POTN,
UFC 223: Khabib vs. Iaquinta,Olivier Aubin-Mercier,POTN,
UFC 224: Nunes vs. Pennington,Kelvin Gastelum,FOTN,Ronaldo Souza
UFC 224: Nunes vs. Pennington,Ronaldo Souza,FOTN,Kelvin Gastelum
UFC 224: Nunes vs. Pennington,Lyoto Machida,POTN,
UFC 224: Nunes vs. Pennington,Aleksei Oleinyk,POTN,
UFC 225: Whittaker vs. Romero 2,Curtis Blaydes,POTN,
UFC 225: Whittaker vs. Romero 2,Charles Oliveira,POTN,
UFC 226: Miocic vs. Cormier,Daniel Cormier,POTN,
UFC 226: Miocic vs. Cormier,Anthony Pettis,POTN,
UFC 226: Miocic vs. Cormier,Khalil Rountree Jr,POTN,
UFC 226: Miocic vs. Cormier,Paulo Costa,POTN,
UFC 227: Dillashaw vs. Garbrandt 2,Henry Cejudo,FOTN,Demetrious Johnson
UFC 227: Dillashaw vs. Garbrandt 2,Demetrious Johnson,FOTN,Henry Cejudo
UFC 227: Dillashaw vs. Garbrandt 2,T.J. Dillashaw,POTN,
UFC 227: Dillashaw vs. Garbrandt 2,Renato Moicano,POTN,
UFC 228: Woodley vs. Till,Irene Aldana,FOTN,Lucie Pudilová
UFC 228: Woodley vs. Till,Lucie Pudilová,FOTN,Irene Aldana
UFC 228: Woodley vs. Till,Tyron Woodley,POTN,
UFC 228: Woodley vs. Till,Jéssica Andrade,POTN,
UFC 229: Khabib vs. McGregor,Tony Ferguson,FOTN,Anthony Pettis
UFC 229: Khabib vs. McGregor,Anthony Pettis,FOTN,Tony Ferguson
UFC 229: Khabib vs. McGregor,Derrick Lewis,POTN,
UFC 229: Khabib vs. McGregor,Aspen Ladd,POTN,
UFC 230: Cormier vs. Lewis,Ronaldo Souza,FOTN,Chris Weidman
UFC 230: Cormier vs. Lewis,Chris Weidman,FOTN,Ronaldo Souza
UFC 230: Cormier vs. Lewis,Jared Cannonier,POTN,
UFC 230: Cormier vs. Lewis,Israel Adesanya,POTN,
UFC 231: Holloway vs. Ortega,Max Holloway,FOTN,Brian Ortega
UFC 231: Holloway vs. Ortega,Brian Ortega,FOTN,Max Holloway
UFC 231: Holloway vs. Ortega,Max Holloway,POTN,
UFC 231: Holloway vs. Ortega,Thiago Santos,POTN,
UFC 232: Jones vs. Gustafsson 2,Chad Mendes,FOTN,Alexander Volkanovski
UFC 232: Jones vs. Gustafsson 2,Alexander Volkanovski,FOTN,Chad Mendes
UFC 232: Jones vs. Gustafsson 2,Amanda Nunes,POTN,
UFC 232: Jones vs. Gustafsson 2,Ryan Hall,POTN,
UFC 234: Adesanya vs. Silva,Israel Adesanya,FOTN,Anderson Silva
UFC 234: Adesanya vs. Silva,Anderson Silva,FOTN,Israel Adesanya
UFC 234: Adesanya vs. Silva,Montana De La Rosa,POTN,
UFC 234: Adesanya vs. Silva,Devonte Smith,POTN,
UFC 235: Jones vs. Smith,Pedro Munhoz,FOTN,Cody Garbrandt
UFC 235: Jones vs. Smith,Cody Garbrandt,FOTN,Pedro Munhoz
UFC 235: Jones vs. Smith,Johnny Walker,POTN,
UFC 235: Jones vs. Smith,Diego Sanchez,POTN,
UFC 237: Namajunas vs. Andrade,Jéssica Andrade,FOTN,Rose Namajunas
UFC 237: Namajunas vs. Andrade,Rose Namajunas,FOTN,Jéssica Andrade
UFC 237: Namajunas vs. Andrade,Jéssica Andrade,POTN,
UFC 237: Namajunas vs. Andrade,Warlley Alves,POTN,
UFC 238: Cejudo vs. Moraes,Tony Ferguson,FOTN,Donald Cerrone
UFC 238: Cejudo vs. Moraes,Donald Cerrone,FOTN,Tony Ferguson
UFC 238: Cejudo vs. Moraes,Henry Cejudo,POTN,
UFC 238: Cejudo vs. Moraes,Valentina Shevchenko,POTN,
UFC 239: Jones vs. Santos,Amanda Nunes,POTN,
UFC 239: Jones vs. Santos,Jorge Masvidal,POTN,
UFC 239: Jones vs. Santos,Jan Błachowicz,POTN,
UFC 239: Jones vs. Santos,Yadong Song,POTN,
UFC 240: Holloway vs. Edgar,Deiveson Figueiredo,FOTN,Alexandre Pantoja
UFC 240: Holloway vs. Edgar,Alexandre Pantoja,FOTN,Deiveson Figueiredo
UFC 240: Holloway vs. Edgar,Geoff Neal,POTN,
UFC 240: Holloway vs. Edgar,Hakeem Dawodu,POTN,
UFC 241: Cormier vs. Miocic 2,Paulo Costa,FOTN,Yoel Romero
UFC 241: Cormier vs. Miocic 2,Yoel Romero,FOTN,Paulo Costa
UFC 241: Cormier vs. Miocic 2,Stipe Miocic,POTN,
UFC 241: Cormier vs. Miocic 2,Khama Worthy,POTN,
UFC 242: Khabib vs. Poirier,Khabib Nurmagomedov,POTN,
UFC 242: Khabib vs. Poirier,Ottman Azaitar,POTN,
UFC 242: Khabib vs. Poirier,Belal Muhammad,POTN,
UFC 242: Khabib vs. Poirier,Muslim Salikhov,POTN,
UFC 243: Whittaker vs. Adesanya,Brad Riddell,FOTN,Jamie Mullarkey
UFC 243: Whittaker vs. Adesanya,Jamie Mullarkey,FOTN,Brad Riddell
UFC 243: Whittaker vs. Adesanya,Israel Adesanya,POTN,
UFC 243: Whittaker vs. Adesanya,Yorgan de Castro,POTN,
UFC 244: Masvidal vs. Diaz,Stephen Thompson,FOTN,Vicente Luque
UFC 244: Masvidal vs. Diaz,Vicente Luque,FOTN,Stephen Thompson
UFC 244: Masvidal vs. Diaz,Kevin Lee,POTN,
UFC 244: Masvidal vs. Diaz,Corey Anderson,POTN,
UFC 245: Usman vs. Covington,Kamaru Usman,FOTN,Colby Covington
UFC 245: Usman vs. Covington,Colby Covington,FOTN,Kamaru Usman
UFC 245: Usman vs. Covington,Petr Yan,POTN,
UFC 245: Usman vs. Covington,Irene Aldana,POTN,
UFC 246: McGregor vs. Cowboy,Conor McGregor,POTN,
UFC 246: McGregor vs. Cowboy,Aleksei Oleinik,POTN,
UFC 246: McGregor vs. Cowboy,Brian Kelleher,POTN,
UFC 246: McGregor vs. Cowboy,Carlos Diego Ferreira,POTN,
UFC 246: McGregor vs. Cowboy,Drew Dober,POTN,
UFC 247: Jones vs. Reyes,Trevin Giles,FOTN,James Krause
UFC 247: Jones vs. Reyes,James Krause,FOTN,Trevin Giles
UFC 247: Jones vs. Reyes,Khaos Williams,POTN,
UFC 247: Jones vs. Reyes,Mario Bautista,POTN,
UFC 248: Adesanya vs. Romero,Beneil Dariush,POTN,
UFC 248: Adesanya vs. Romero,Sean O’Malley,POTN,
UFC 249: Ferguson vs. Gaethje,Tony Ferguson,FOTN,Justin Gaethje
UFC 249: Ferguson vs. Gaethje,Justin Gaethje,FOTN,Tony Ferguson
UFC 249: Ferguson vs. Gaethje,Justin Gaethje,POTN,
UFC 249: Ferguson vs. Gaethje,Francis Ngannou,POTN,
UFC 250: Nunes vs. Spencer,Cody Garbrandt,POTN,
UFC 250: Nunes vs. Spencer,Aljamain Sterling,POTN,
UFC 250: Nunes vs. Spencer,Sean O'Malley,POTN,
UFC 250: Nunes vs. Spencer,Alex Perez,POTN,
UFC 251: Usman vs. Masvidal,Rose Namajunas,FOTN,Jéssica Andrade
UFC 251: Usman vs. Masvidal,Jéssica Andrade,FOTN,Rose Namajunas
UFC 251: Usman vs. Masvidal,Jiří Procházka,POTN,
UFC 251: Usman vs. Masvidal,Davey Grant,POTN,
UFC 252: Miocic vs. Cormier 3,Kai Kamaka III,FOTN,Tony Kelley
UFC 252: Miocic vs. Cormier 3,Tony Kelley,FOTN,Kai Kamaka III
UFC 252: Miocic vs. Cormier 3,Daniel Pineda,POTN,
UFC 252: Miocic vs. Cormier 3,Virna Jandiroba,POTN,
UFC 253: Adesanya vs. Costa,Brandon Royval,FOTN,Kai Kara-France
UFC 253: Adesanya vs. Costa,Kai Kara-France,FOTN,Brandon Royval
UFC 253: Adesanya vs. Costa,Israel Adesanya,POTN,
UFC 253: Adesanya vs. Costa,Jan Błachowicz,POTN,
UFC 254: Khabib vs. Gaethje,Casey Kenney,FOTN,Nathaniel Wood
UFC 254: Khabib vs. Gaethje,Nathaniel Wood,FOTN,Casey Kenney
UFC 254: Khabib vs. Gaethje,Khabib Nurmagomedov,POTN,
UFC 254: Khabib vs. Gaethje,Magomed Ankalaev,POTN,
UFC 255: Figueiredo vs. Perez,Sasha Palatnikov,FOTN,Louis Cosce
UFC 255: Figueiredo vs. Perez,Louis Cosce,FOTN,Sasha Palatnikov
UFC 255: Figueiredo vs. Perez,Joaquin Buckley,POTN,
UFC 255: Figueiredo vs. Perez,Antonina Shevchenko,POTN,
UFC 256: Figueiredo vs. Moreno,Deiveson Figueiredo,FOTN,Brandon Moreno
UFC 256: Figueiredo vs. Moreno,Brandon Moreno,FOTN,Deiveson Figueiredo
UFC 256: Figueiredo vs. Moreno,Kevin Holland,POTN,
UFC 256: Figueiredo vs. Moreno,Rafael Fiziev,POTN,
UFC 258: Usman vs. Burns,Kamaru Usman,POTN,
UFC 258: Usman vs. Burns,Julian Marquez,POTN,
UFC 258: Usman vs. Burns,Anthony Hernandez,POTN,
UFC 258: Usman vs. Burns,Polyana Viana,POTN,
UFC 261: Usman vs. Masvidal 2,Jeff Molina,FOTN,Aori Qileng
UFC 261: Usman vs. Masvidal 2,Aori Qileng,FOTN,Jeff Molina
UFC 261: Usman vs. Masvidal 2,Kamaru Usman,POTN,
UFC 261: Usman vs. Masvidal 2,Rose Namajunas,POTN,
UFC 262: Oliveira vs. Chandler,Edson Barboza,FOTN,Shane Burgos
UFC 262: Oliveira vs. Chandler,Shane Burgos,FOTN,Edson Barboza
UFC 262: Oliveira vs. Chandler,Charles Oliveira,POTN,
UFC 262: Oliveira vs. Chandler,Christos Giagos,POTN,
UFC 263: Adesanya vs. Vettori 2,Brad Riddell,FOTN,Drew Dober
UFC 263: Adesanya vs. Vettori 2,Drew Dober,FOTN,Brad Riddell
UFC 263: Adesanya vs. Vettori 2,Brandon Moreno,POTN,
UFC 263: Adesanya vs. Vettori 2,Paul Craig,POTN,
UFC 264: Poirier vs. McGregor 3,Sean O'Malley,FOTN,Kris Moutinho
UFC 264: Poirier vs. McGregor 3,Kris Moutinho,FOTN,Sean O'Malley
UFC 264: Poirier vs. McGregor 3,Tai Tuivasa,POTN,
UFC 264: Poirier vs. McGregor 3,Dricus du Plessis,POTN,
UFC 265: Lewis vs. Gane,Rafael Fiziev,FOTN,Bobby Green
UFC 265: Lewis vs. Gane,Bobby Green,FOTN,Rafael Fiziev
UFC 265: Lewis vs. Gane,Ciryl Gane,POTN,
UFC 265: Lewis vs. Gane,Vicente Luque,POTN,
UFC 265: Lewis vs. Gane,Jessica Penne,POTN,
UFC 265: Lewis vs. Gane,Miles Johns,POTN,
UFC 266: Volkanovski vs. Ortega,Alexander Volkanovski,FOTN,Brian Ortega
UFC 266: Volkanovski vs. Ortega,Brian Ortega,FOTN,Alexander Volkanovski
UFC 266: Volkanovski vs. Ortega,Merab Dvalishvili,POTN,
UFC 266: Volkanovski vs. Ortega,Chris Daukaus,POTN,
UFC 268: Usman vs. Covington 2,Justin Gaethje,FOTN,Michael Chandler
UFC 268: Usman vs. Covington 2,Michael Chandler,FOTN,Justin Gaethje
UFC 268: Usman vs. Covington 2,Marlon Vera,POTN,
UFC 268: Usman vs. Covington 2,Alex Pereira,POTN,
UFC 268: Usman vs. Covington 2,Bobby Green,POTN,
UFC 268: Usman vs. Covington 2,Chris Barnett,POTN,
UFC 269: Oliveira vs. Poirier,Dominick Cruz,FOTN,Pedro Munhoz
UFC 269: Oliveira vs. Poirier,Pedro Munhoz,FOTN,Dominick Cruz
UFC 269: Oliveira vs. Poirier,Charles Oliveira,POTN,
UFC 269: Oliveira vs. Poirier,Julianna Peña,POTN,
UFC 269: Oliveira vs. Poirier,Kai Kara-France,POTN,
UFC 269: Oliveira vs. Poirier,Sean O'Malley,POTN,
UFC 269: Oliveira vs. Poirier,Tai Tuivasa,POTN,
UFC 269: Oliveira vs. Poirier,Bruno Silva,POTN,
UFC 270: Ngannou vs. Gane,Deiveson Figueiredo,FOTN,Brandon Moreno
UFC 270: Ngannou vs. Gane,Brandon Moreno,FOTN,Deiveson Figueiredo
UFC 270: Ngannou vs. Gane,Said Nurmagomedov,POTN,
UFC 270: Ngannou vs. Gane,Vanessa Demopoulos,POTN,
UFC 271: Adesanya vs. Whittaker 2,Douglas Silva de Andrade,FOTN,Sergey Morozov
UFC 271: Adesanya vs. Whittaker 2,Sergey Morozov,FOTN,Douglas Silva de Andrade
UFC 271: Adesanya vs. Whittaker 2,Tai Tuivasa,POTN,
UFC 271: Adesanya vs. Whittaker 2,Jared Cannonier,POTN,
UFC 272: Covington vs. Masvidal,Colby Covington,FOTN,Jorge Masvidal
UFC 272: Covington vs. Masvidal,Jorge Masvidal,FOTN,Colby Covington
UFC 272: Covington vs. Masvidal,Kevin Holland,POTN,
UFC 272: Covington vs. Masvidal,Maryna Moroz,POTN,
UFC 273: Volkanovski vs. The Korean Zombie,Khamzat Chimaev,FOTN,Gilbert Burns
UFC 273: Volkanovski vs. The Korean Zombie,Gilbert Burns,FOTN,Khamzat Chimaev
UFC 273: Volkanovski vs. The Korean Zombie,Alexander Volkanovski,POTN,
UFC 273: Volkanovski vs. The Korean Zombie,Alexey Oleynik,POTN,
UFC 276: Adesanya vs. Cannonier,Bryan Barberena,FOTN,Robbie Lawler
UFC 276: Adesanya vs. Cannonier,Robbie Lawler,FOTN,Bryan Barberena
UFC 276: Adesanya vs. Cannonier,Alex Pereira,POTN,
UFC 276: Adesanya vs. Cannonier,Jalin Turner,POTN,
UFC 276: Adesanya vs. Cannonier,Julija Stoliarenko,POTN,
UFC 279: Diaz vs. Ferguson,Nate Diaz,POTN,
UFC 279: Diaz vs. Ferguson,Irene Aldana,POTN,
UFC 279: Diaz vs. Ferguson,Johnny Walker,POTN,
UFC 279: Diaz vs. Ferguson,Jailton Almeida,POTN,
UFC 280: Oliveira vs. Makhachev,Sean O'Malley,FOTN,Petr Yan
UFC 280: Oliveira vs. Makhachev,Petr Yan,FOTN,Sean O'Malley
UFC 280: Oliveira vs. Makhachev,Islam Makhachev,POTN,
UFC 280: Oliveira vs. Makhachev,Belal Muhammad,POTN,
UFC 281: Adesanya vs. Pereira,Dustin Poirier,FOTN,Michael Chandler
UFC 281: Adesanya vs. Pereira,Michael Chandler,FOTN,Dustin Poirier
UFC 281: Adesanya vs. Pereira,Alex Pereira,POTN,
UFC 281: Adesanya vs. Pereira,Zhang Weili,POTN,
UFC 283: Teixeira vs. Hill,Jamahal Hill,FOTN,Glover Teixeira
UFC 283: Teixeira vs. Hill,Glover Teixeira,FOTN,Jamahal Hill
UFC 283: Teixeira vs. Hill,Jailton Almeida,POTN,
UFC 283: Teixeira vs. Hill,Ismael Bonfim,POTN,
UFC 284: Makhachev vs. Volkanovski,Islam Makhachev,FOTN,Alexander Volkanovski
UFC 284: Makhachev vs. Volkanovski,Alexander Volkanovski,FOTN,Islam Makhachev
UFC 284: Makhachev vs. Volkanovski,Yair Rodríguez,POTN,
UFC 284: Makhachev vs. Volkanovski,Jack Della Maddalena,POTN,
UFC 285: Jones vs. Gane,Shavkat Rakhmonov,FOTN,Geoff Neal
UFC 285: Jones vs. Gane,Geoff Neal,FOTN,Shavkat Rakhmonov
UFC 285: Jones vs. Gane,Jon Jones,POTN,
UFC 285: Jones vs. Gane,Alexa Grasso,POTN,
UFC 285: Jones vs. Gane,Bo Nickal,POTN,
UFC 286: Edwards vs. Usman 3,Justin Gaethje,FOTN,Rafael Fiziev
UFC 286: Edwards vs. Usman 3,Rafael Fiziev,FOTN,Justin Gaethje
UFC 286: Edwards vs. Usman 3,Gunnar Nelson,POTN,
UFC 286: Edwards vs. Usman 3,Jake Hadley,POTN,
UFC 2: No Way Out,Royce Gracie,FOTN,Minoki Ichihara
UFC 2: No Way Out,Minoki Ichihara,FOTN,Royce Gracie
UFC 2: No Way Out,Patrick Smithdef,KOTN,
UFC 2: No Way Out,Royce Graciedef,SOTN,
UFC 300: Pereira vs. Hill,Max Holloway,FOTN,Justin Gaethje
UFC 300: Pereira vs. Hill,Justin Gaethje,FOTN,Max Holloway
UFC 300: Pereira vs. Hill,Max Holloway,POTN,
UFC 300: Pereira vs. Hill,Jiří Procházka,POTN,
UFC 302: Makhachev vs. Poirier,Islam Makhachev,FOTN,Dustin Poirier
UFC 302: Makhachev vs. Poirier,Dustin Poirier,FOTN,Islam Makhachev
UFC 302: Makhachev vs. Poirier,Islam Makhachev,POTN,
UFC 302: Makhachev vs. Poirier,Kevin Holland,POTN,
UFC 3: The American Dream,Royce Gracie,FOTN,Kimo Leopoldo
UFC 3: The American Dream,Kimo Leopoldo,FOTN,Royce Gracie
UFC 3: The American Dream,Keith Hackneydef,KOTN,
UFC 3: The American Dream,Royce Graciedef,SOTN,
UFC 4: Revenge of the Warriors,Royce Gracie,FOTN,Dan Severn
UFC 4: Revenge of the Warriors,Dan Severn,FOTN,Royce Gracie
UFC 4: Revenge of the Warriors,Marcus Bossettdef,KOTN,
UFC 4: Revenge of the Warriors,Royce Graciedef,SOTN,
UFC 64: Unstoppable,Sean Sherk,FOTN,Kenny Florian
UFC 64: Unstoppable,Kenny Florian,FOTN,Sean Sherk
UFC 64: Unstoppable,Anderson Silva,KOTN,
UFC 64: Unstoppable,Clay Guida,SOTN,
UFC 81: Breaking Point,Tim Sylvia,FOTN,Antônio Rodrigo Nogueira
UFC 81: Breaking Point,Antônio Rodrigo Nogueira,FOTN,Tim Sylvia
UFC 81: Breaking Point,Chris Lytle,KOTN,
UFC 81: Breaking Point,Frank Mir,SOTN,
UFC 9: Motor City Madness,Don Frye,FOTN,Amaury Bitetti
UFC 9: Motor City Madness,Amaury Bitetti,FOTN,Don Frye
UFC 9: Motor City Madness,Mark Hall,KOTN,
UFC Fight Night 1,Chris Leben,FOTN,Patrick Côté
UFC Fight Night 1,Patrick Côté,FOTN,Chris Leben
UFC Fight Night 1,Mike Swick,KOTN,
UFC Fight Night 1,Josh Koscheck,SOTN,
UFC Fight Night 2,David Loiseau,FOTN,Evan Tanner
UFC Fight Night 2,Evan Tanner,FOTN,David Loiseau
UFC Fight Night 2,Brandon Vera,KOTN,
UFC Fight Night 2,Drew Fickett,SOTN,
UFC Fight Night 3,Melvin Guillard,FOTN,Josh Neer
UFC Fight Night 3,Josh Neer,FOTN,Melvin Guillard
UFC Fight Night 3,Chris Leben,KOTN,
UFC Fight Night 3,Jason Von Flue,SOTN,
UFC Fight Night 4,Brad Imes,FOTN,Dan Christison
UFC Fight Night 4,Dan Christison,FOTN,Brad Imes
UFC Fight Night 4,Dan Christison,SOTN,
UFC Fight Night 4,Josh Neer,FOTN,Joe Stevenson
UFC Fight Night 4,Joe Stevenson,FOTN,Josh Neer
UFC Fight Night 4,Josh Koscheck,SOTN,
UFC Fight Night 5,Jonathan Goulet,FOTN,Luke Cummo
UFC Fight Night 5,Luke Cummo,FOTN,Jonathan Goulet
UFC Fight Night 5,Anderson Silva,KOTN,
UFC Fight Night 5,Rob MacDonald,SOTN,
UFC Fight Night 6,Diego Sanchez,FOTN,Karo Parisyan
UFC Fight Night 6,Karo Parisyan,FOTN,Diego Sanchez
UFC Fight Night 6,Chris Leben,KOTN,
UFC Fight Night 6,Joe Riggs,SOTN,
UFC Fight Night: Adesanya vs. Imavov,Vinicius Oliveira,FOTN,Said Nurmagomedov
UFC Fight Night: Adesanya vs. Imavov,Said Nurmagomedov,FOTN,Vinicius Oliveira
UFC Fight Night: Adesanya vs. Imavov,Nassourdine Imavov,POTN,
UFC Fight Night: Adesanya vs. Imavov,Bogdan Grad,POTN,
UFC Fight Night: Allen vs. Craig,Brendan Allen,POTN,
UFC Fight Night: Allen vs. Craig,Amanda Ribas,POTN,
UFC Fight Night: Allen vs. Craig,Joanderson Brito,POTN,
UFC Fight Night: Allen vs. Craig,Jeka Saragih,POTN,
UFC Fight Night: Allen vs. Curtis 2,Jose Mariscal,FOTN,Morgan Charrière
UFC Fight Night: Allen vs. Curtis 2,Morgan Charrière,FOTN,Jose Mariscal
UFC Fight Night: Allen vs. Curtis 2,Ignacio Bahamondes,POTN,
UFC Fight Night: Allen vs. Curtis 2,César Almeida,POTN,
UFC Fight Night: Almeida vs. Lewis,Nicolas Dalby,FOTN,Gabriel Bonfim
UFC Fight Night: Almeida vs. Lewis,Gabriel Bonfim,FOTN,Nicolas Dalby
UFC Fight Night: Almeida vs. Lewis,Elves Brener,POTN,
UFC Fight Night: Almeida vs. Lewis,Vitor Petrino,POTN,
UFC Fight Night: Andrade vs. Blanchfield,Nazim Sadykhov,FOTN,Evan Elder
UFC Fight Night: Andrade vs. Blanchfield,Evan Elder,FOTN,Nazim Sadykhov
UFC Fight Night: Andrade vs. Blanchfield,Erin Blanchfield,POTN,
UFC Fight Night: Andrade vs. Blanchfield,Mayra Bueno Silva,POTN,
UFC Fight Night: Andrade vs. Zhang,Alateng Heili,FOTN,Danaa Batgerel
UFC Fight Night: Andrade vs. Zhang,Danaa Batgerel,FOTN,Alateng Heili
UFC Fight Night: Andrade vs. Zhang,Zhang Weili,POTN,
UFC Fight Night: Andrade vs. Zhang,Li Jingliang,POTN,
UFC Fight Night: Ankalaev vs. Walker 2,Magomed Ankalaev,POTN,
UFC Fight Night: Ankalaev vs. Walker 2,Jim Miller,POTN,
UFC Fight Night: Ankalaev vs. Walker 2,Brunno Ferreira,POTN,
UFC Fight Night: Ankalaev vs. Walker 2,Marcus McGhee,POTN,
UFC Fight Night: Arlovski vs. Barnett,Josh Barnett,FOTN,Andrei Arlovski
UFC Fight Night: Arlovski vs. Barnett,Andrei Arlovski,FOTN,Josh Barnett
UFC Fight Night: Arlovski vs. Barnett,Josh Barnett,POTN,
UFC Fight Night: Arlovski vs. Barnett,Ryan Bader,POTN,
UFC Fight Night: Aspinall vs. Tybura,Jonny Parsons,FOTN,Danny Roberts
UFC Fight Night: Aspinall vs. Tybura,Danny Roberts,FOTN,Jonny Parsons
UFC Fight Night: Aspinall vs. Tybura,Tom Aspinall,POTN,
UFC Fight Night: Aspinall vs. Tybura,Paul Craig,POTN,
UFC Fight Night: Barboza vs. Chikadze,Giga Chikadze,POTN,
UFC Fight Night: Barboza vs. Chikadze,Gerald Meerschaert,POTN,
UFC Fight Night: Barboza vs. Chikadze,Abdul Razak Alhassan,POTN,
UFC Fight Night: Barboza vs. Chikadze,Pat Sabatini,POTN,
UFC Fight Night: Barboza vs. Lee,Ricky Simón,FOTN,Merab Dvalishvili
UFC Fight Night: Barboza vs. Lee,Merab Dvalishvili,FOTN,Ricky Simón
UFC Fight Night: Barboza vs. Lee,David Branch,POTN,
UFC Fight Night: Barboza vs. Lee,Siyar Bahadurzada,POTN,
UFC Fight Night: Barboza vs. Murphy,Lerone Murphy,FOTN,Edson Barboza
UFC Fight Night: Barboza vs. Murphy,Edson Barboza,FOTN,Lerone Murphy
UFC Fight Night: Barboza vs. Murphy,Khaos Williams,POTN,
UFC Fight Night: Barboza vs. Murphy,Angela Hill,POTN,
UFC Fight Night: Belfort vs. Gastelum,Kelvin Gastelum,POTN,
UFC Fight Night: Belfort vs. Gastelum,Edson Barboza,POTN,
UFC Fight Night: Belfort vs. Gastelum,Michel Prazeres,POTN,
UFC Fight Night: Belfort vs. Gastelum,Paulo Costa,POTN,
UFC Fight Night: Benavidez vs. Figueiredo,Kyler Phillips,FOTN,Gabriel Silva
UFC Fight Night: Benavidez vs. Figueiredo,Gabriel Silva,FOTN,Kyler Phillips
UFC Fight Night: Benavidez vs. Figueiredo,Megan Anderson,POTN,
UFC Fight Night: Benavidez vs. Figueiredo,Jordan Griffin,POTN,
UFC Fight Night: Bermudez vs. The Korean Zombie,Jéssica Andrade,FOTN,Angela Hill
UFC Fight Night: Bermudez vs. The Korean Zombie,Angela Hill,FOTN,Jéssica Andrade
UFC Fight Night: Bermudez vs. The Korean Zombie,Chan Sung Jung,POTN,
UFC Fight Night: Bermudez vs. The Korean Zombie,Marcel Fortuna,POTN,
UFC Fight Night: Bisping vs. Gastelum,Kelvin Gastelum,POTN,
UFC Fight Night: Bisping vs. Gastelum,Li Jingliang,POTN,
UFC Fight Night: Bisping vs. Gastelum,Zabit Magomedsharipov,POTN,
UFC Fight Night: Bisping vs. Gastelum,Song Kenan,POTN,
UFC Fight Night: Bisping vs. Gastelum,Song Yadong,POTN,
UFC Fight Night: Blanchfield vs. Barber,Alice Ardelean,FOTN,Rayanne dos Santos
UFC Fight Night: Blanchfield vs. Barber,Rayanne dos Santos,FOTN,Alice Ardelean
UFC Fight Night: Blanchfield vs. Barber,Ramiz Brahimaj,POTN,
UFC Fight Night: Blanchfield vs. Barber,Jordan Leavitt,POTN,
UFC Fight Night: Blanchfield vs. Fiorot,Ibo Aslan,FOTN,Anton Turkalj
UFC Fight Night: Blanchfield vs. Fiorot,Anton Turkalj,FOTN,Ibo Aslan
UFC Fight Night: Blanchfield vs. Fiorot,Nate Landwehr,POTN,
UFC Fight Night: Blanchfield vs. Fiorot,Dennis Buzukja,POTN,
UFC Fight Night: Blaydes vs. Aspinall,Paddy Pimblett,POTN,
UFC Fight Night: Blaydes vs. Aspinall,Nikita Krylov,POTN,
UFC Fight Night: Blaydes vs. Aspinall,Molly McCann,POTN,
UFC Fight Night: Blaydes vs. Aspinall,Jonathan Pearce,POTN,
UFC Fight Night: Blaydes vs. Daukaus,Bryan Barberena,FOTN,Matt Brown
UFC Fight Night: Blaydes vs. Daukaus,Matt Brown,FOTN,Bryan Barberena
UFC Fight Night: Blaydes vs. Daukaus,Curtis Blaydes,POTN,
UFC Fight Night: Blaydes vs. Daukaus,Chris Gutiérrez,POTN,
UFC Fight Night: Blaydes vs. Lewis,Derrick Lewis,POTN,
UFC Fight Night: Blaydes vs. Lewis,Chris Daukaus,POTN,
UFC Fight Night: Blaydes vs. Lewis,Tom Aspinall,POTN,
UFC Fight Night: Blaydes vs. Lewis,Aiemann Zahabi,POTN,
UFC Fight Night: Blaydes vs. Ngannou 2,Alex Morono,FOTN,Kenan Song
UFC Fight Night: Blaydes vs. Ngannou 2,Kenan Song,FOTN,Alex Morono
UFC Fight Night: Blaydes vs. Volkov,Josh Emmett,FOTN,Shane Burgos
UFC Fight Night: Blaydes vs. Volkov,Shane Burgos,FOTN,Josh Emmett
UFC Fight Night: Blaydes vs. Volkov,Jim Miller,POTN,
UFC Fight Night: Blaydes vs. Volkov,Justin Jaynes,POTN,
UFC Fight Night: Bonfim vs. Brown,Gabriel Bonfim,POTN,
UFC Fight Night: Bonfim vs. Brown,Christian Leroy Duncan,POTN,
UFC Fight Night: Bonfim vs. Brown,Josh Hokit,POTN,
UFC Fight Night: Bonfim vs. Brown,Zachary Reese,POTN,
UFC Fight Night: Brunson vs. Holland,Max Griffin,POTN,
UFC Fight Night: Brunson vs. Holland,Adrian Yañez,POTN,
UFC Fight Night: Brunson vs. Holland,Grant Dawson,POTN,
UFC Fight Night: Brunson vs. Holland,Bruno Gustavo da Silva,POTN,
UFC Fight Night: Brunson vs. Machida,Elizeu Zaleski dos Santos,FOTN,Max Griffin
UFC Fight Night: Brunson vs. Machida,Max Griffin,FOTN,Elizeu Zaleski dos Santos
UFC Fight Night: Brunson vs. Machida,Derek Brunson,POTN,
UFC Fight Night: Brunson vs. Machida,Pedro Munhoz,POTN,
UFC Fight Night: Brunson vs. Shahbazyan,Bobby Green,FOTN,Lando Vannata
UFC Fight Night: Brunson vs. Shahbazyan,Lando Vannata,FOTN,Bobby Green
UFC Fight Night: Brunson vs. Shahbazyan,Jennifer Maia,POTN,
UFC Fight Night: Brunson vs. Shahbazyan,Vicente Luque,POTN,
UFC Fight Night: Brunson vs. Till,Molly McCann,FOTN,Ji Yeon Kim
UFC Fight Night: Brunson vs. Till,Ji Yeon Kim,FOTN,Molly McCann
UFC Fight Night: Brunson vs. Till,Tom Aspinall,POTN,
UFC Fight Night: Brunson vs. Till,Paddy Pimblett,POTN,
UFC Fight Night: Burns vs. Brady,Natália Silva,FOTN,Jéssica Andrade
UFC Fight Night: Burns vs. Brady,Jéssica Andrade,FOTN,Natália Silva
UFC Fight Night: Burns vs. Brady,Steve Garcia,POTN,
UFC Fight Night: Burns vs. Brady,Cody Durden,POTN,
UFC Fight Night: Burns vs. Morales,Melquizael Costa,FOTN,Julian Erosa
UFC Fight Night: Burns vs. Morales,Julian Erosa,FOTN,Melquizael Costa
UFC Fight Night: Burns vs. Morales,Michael Morales,POTN,
UFC Fight Night: Burns vs. Morales,Denise Gomes,POTN,
UFC Fight Night: Cannonier vs. Rodrigues,Jared Cannonier,FOTN,Gregory Rodrigues
UFC Fight Night: Cannonier vs. Rodrigues,Gregory Rodrigues,FOTN,Jared Cannonier
UFC Fight Night: Cannonier vs. Rodrigues,Edmen Shahbazyan,POTN,
UFC Fight Night: Cannonier vs. Rodrigues,Gabriel Bonfim,POTN,
UFC Fight Night: Cannonier vs. Strickland,Drew Dober,FOTN,Bobby Green
UFC Fight Night: Cannonier vs. Strickland,Bobby Green,FOTN,Drew Dober
UFC Fight Night: Cannonier vs. Strickland,Alex Caceres,POTN,
UFC Fight Night: Cannonier vs. Strickland,Michał Oleksiejczuk,POTN,
UFC Fight Night: Cejudo vs. Dillashaw,Donald Cerrone,FOTN,Alexander Hernandez
UFC Fight Night: Cejudo vs. Dillashaw,Alexander Hernandez,FOTN,Donald Cerrone
UFC Fight Night: Cejudo vs. Dillashaw,Henry Cejudo,POTN,
UFC Fight Night: Cejudo vs. Dillashaw,Donald Cerrone,POTN,
UFC Fight Night: Cejudo vs. Song,Alonzo Menifield,FOTN,Julius Walker
UFC Fight Night: Cejudo vs. Song,Julius Walker,FOTN,Alonzo Menifield
UFC Fight Night: Cejudo vs. Song,Jean Silva,POTN,
UFC Fight Night: Cejudo vs. Song,Ricky Simón,POTN,
UFC Fight Night: Cerrone vs. Till,Brian Kelleher,FOTN,Damian Stasiak
UFC Fight Night: Cerrone vs. Till,Damian Stasiak,FOTN,Brian Kelleher
UFC Fight Night: Cerrone vs. Till,Darren Till,POTN,
UFC Fight Night: Cerrone vs. Till,Jan Błachowicz,POTN,
UFC Fight Night: Chiesa vs. Lee,Kevin Lee,POTN,
UFC Fight Night: Chiesa vs. Lee,Tim Boetsch,POTN,
UFC Fight Night: Chiesa vs. Lee,Dominick Reyes,POTN,
UFC Fight Night: Chiesa vs. Lee,Jeremy Kimball,POTN,
UFC Fight Night: Condit vs Kampmann,Tyson Griffin,FOTN,Rafael dos Anjos
UFC Fight Night: Condit vs Kampmann,Rafael dos Anjos,FOTN,Tyson Griffin
UFC Fight Night: Condit vs Kampmann,Aaron Simpson,KOTN,
UFC Fight Night: Condit vs Kampmann,Rob Kimmons,SOTN,
UFC Fight Night: Costa vs. Vettori,Gregory Rodrigues,FOTN,Jun Yong Park
UFC Fight Night: Costa vs. Vettori,Jun Yong Park,FOTN,Gregory Rodrigues
UFC Fight Night: Costa vs. Vettori,Marvin Vettori,POTN,
UFC Fight Night: Costa vs. Vettori,Alex Caceres,POTN,
UFC Fight Night: Covington vs. Woodley,Khamzat Chimaev,POTN,
UFC Fight Night: Covington vs. Woodley,Mackenzie Dern,POTN,
UFC Fight Night: Covington vs. Woodley,Damon Jackson,POTN,
UFC Fight Night: Covington vs. Woodley,Randy Costa,POTN,
UFC Fight Night: Cowboy vs. Edwards,Shane Young,FOTN,Rolando Dy
UFC Fight Night: Cowboy vs. Edwards,Rolando Dy,FOTN,Shane Young
UFC Fight Night: Cowboy vs. Edwards,Ovince Saint Preux,POTN,
UFC Fight Night: Cowboy vs. Edwards,Song Yadong,POTN,
UFC Fight Night: Cowboy vs. Gaethje,Justin Gaethje,POTN,
UFC Fight Night: Cowboy vs. Gaethje,Misha Cirkunov,POTN,
UFC Fight Night: Cyborg vs. Lansberg,Erick Silva,FOTN,Luan Chagas
UFC Fight Night: Cyborg vs. Lansberg,Luan Chagas,FOTN,Erick Silva
UFC Fight Night: Cyborg vs. Lansberg,Eric Spicely,POTN,
UFC Fight Night: Cyborg vs. Lansberg,Vicente Luque,POTN,
UFC Fight Night: Dariush vs. Tsarukyan,Rodolfo Bellato,FOTN,Ihor Potieria
UFC Fight Night: Dariush vs. Tsarukyan,Ihor Potieria,FOTN,Rodolfo Bellato
UFC Fight Night: Dariush vs. Tsarukyan,Arman Tsarukyan,POTN,
UFC Fight Night: Dariush vs. Tsarukyan,Jalin Turner,POTN,
UFC Fight Night: Dariush vs. Tsarukyan,Sean Brady,POTN,
UFC Fight Night: Dariush vs. Tsarukyan,Dustin Stoltzfus,POTN,
UFC Fight Night: Dariush vs. Tsarukyan,Miesha Tate,POTN,
UFC Fight Night: Dariush vs. Tsarukyan,Cody Brundage,POTN,
UFC Fight Night: Dariush vs. Tsarukyan,Drakkar Klose,POTN,
UFC Fight Night: Dariush vs. Tsarukyan,Jared Gooden,POTN,
UFC Fight Night: Dawson vs. Green,Bobby Green,POTN,
UFC Fight Night: Dawson vs. Green,Joe Pyfer,POTN,
UFC Fight Night: Dawson vs. Green,Drew Dober,POTN,
UFC Fight Night: Dawson vs. Green,Nate Maness,POTN,
UFC Fight Night: Dern vs. Hill,Mackenzie Dern,FOTN,Angela Hill
UFC Fight Night: Dern vs. Hill,Angela Hill,FOTN,Mackenzie Dern
UFC Fight Night: Dern vs. Hill,Carlos Diego Ferreira,POTN,
UFC Fight Night: Dern vs. Hill,Viacheslav Borschev,POTN,
UFC Fight Night: Dern vs. Ribas 2,Roman Kopylov,FOTN,Chris Curtis
UFC Fight Night: Dern vs. Ribas 2,Chris Curtis,FOTN,Roman Kopylov
UFC Fight Night: Dern vs. Ribas 2,Mackenzie Dern,POTN,
UFC Fight Night: Dern vs. Ribas 2,César Almeida,POTN,
UFC Fight Night: Dern vs. Rodriguez,Marina Rodriguez,FOTN,Mackenzie Dern
UFC Fight Night: Dern vs. Rodriguez,Mackenzie Dern,FOTN,Marina Rodriguez
UFC Fight Night: Dern vs. Rodriguez,Lupita Godinez,POTN,
UFC Fight Night: Dern vs. Rodriguez,Mariya Agapova,POTN,
UFC Fight Night: Dern vs. Yan,Daniel Santos,FOTN,John Castañeda
UFC Fight Night: Dern vs. Yan,John Castañeda,FOTN,Daniel Santos
UFC Fight Night: Dern vs. Yan,Joaquim Silva,POTN,
UFC Fight Night: Dern vs. Yan,Brendan Allen,POTN,
UFC Fight Night: Dern vs. Yan,Chelsea Chandler,POTN,
UFC Fight Night: Dern vs. Yan,Guido Cannetti,POTN,
UFC Fight Night: Diaz vs Neer,Nate Diaz,FOTN,Josh Neer
UFC Fight Night: Diaz vs Neer,Josh Neer,FOTN,Nate Diaz
UFC Fight Night: Diaz vs Neer,Alessio Sakara,KOTN,
UFC Fight Night: Diaz vs Neer,Wilson Gouveia,SOTN,
UFC Fight Night: Dolidze vs. Hernandez,Anthony Hernandez,POTN,
UFC Fight Night: Dolidze vs. Hernandez,Christian Leroy Duncan,POTN,
UFC Fight Night: Dolidze vs. Hernandez,Elijah Smith,POTN,
UFC Fight Night: Dolidze vs. Hernandez,Joselyne Edwards,POTN,
UFC Fight Night: Dolidze vs. Imavov,Charles Johnson,FOTN,Azat Maksum
UFC Fight Night: Dolidze vs. Imavov,Azat Maksum,FOTN,Charles Johnson
UFC Fight Night: Dolidze vs. Imavov,Randy Brown,POTN,
UFC Fight Night: Dolidze vs. Imavov,Molly McCann,POTN,
UFC Fight Night: Dos Santos vs. Tuivasa,Kai Kara-France,FOTN,Elias Garcia
UFC Fight Night: Dos Santos vs. Tuivasa,Elias Garcia,FOTN,Kai Kara-France
UFC Fight Night: Dos Santos vs. Tuivasa,Maurício Rua,POTN,
UFC Fight Night: Dos Santos vs. Tuivasa,Sodiq Yusuff,POTN,
UFC Fight Night: Edgar vs. The Korean Zombie,Charles Jourdain,FOTN,Doo Ho Choi
UFC Fight Night: Edgar vs. The Korean Zombie,Doo Ho Choi,FOTN,Charles Jourdain
UFC Fight Night: Edgar vs. The Korean Zombie,Chan Sung Jung,POTN,
UFC Fight Night: Edgar vs. The Korean Zombie,Alexandre Pantoja,POTN,
UFC Fight Night: Edwards vs. Brady,Sean Brady,POTN,
UFC Fight Night: Edwards vs. Brady,Kevin Holland,POTN,
UFC Fight Night: Edwards vs. Brady,Alexia Thainara,POTN,
UFC Fight Night: Edwards vs. Brady,Shauna Bannon,POTN,
UFC Fight Night: Edwards vs. Muhammad,Ryan Spann,POTN,
UFC Fight Night: Edwards vs. Muhammad,Dan Ige,POTN,
UFC Fight Night: Edwards vs. Muhammad,Davey Grant,POTN,
UFC Fight Night: Edwards vs. Muhammad,Matthew Semelsberger,POTN,
UFC Fight Night: Emmett vs. Murphy,Lee Chang-ho,POTN,
UFC Fight Night: Emmett vs. Murphy,Ode' Osbourne,POTN,
UFC Fight Night: Emmett vs. Murphy,Dione Barbosa,POTN,
UFC Fight Night: Emmett vs. Murphy,Rhys McKee,POTN,
UFC Fight Night: Evans vs Salmon,Spencer Fisher,FOTN,Hermes Franca
UFC Fight Night: Evans vs Salmon,Hermes Franca,FOTN,Spencer Fisher
UFC Fight Night: Evans vs Salmon,Rashad Evans,KOTN,
UFC Fight Night: Evans vs Salmon,Ed Herman,SOTN,
UFC Fight Night: Eye vs. Calvillo,Marvin Vettori,POTN,
UFC Fight Night: Eye vs. Calvillo,Mariya Agapova,POTN,
UFC Fight Night: Eye vs. Calvillo,Tyson Nam,POTN,
UFC Fight Night: Eye vs. Calvillo,Christian Aguilera,POTN,
UFC Fight Night: Felder vs. Hooker,Dan Hooker,FOTN,Paul Felder
UFC Fight Night: Felder vs. Hooker,Paul Felder,FOTN,Dan Hooker
UFC Fight Night: Felder vs. Hooker,Jimmy Crute,POTN,
UFC Fight Night: Felder vs. Hooker,Priscila Cachoeira,POTN,
UFC Fight Night: Figueiredo vs. Benavidez 2,Rafael Fiziev,FOTN,Marc Diakiese
UFC Fight Night: Figueiredo vs. Benavidez 2,Marc Diakiese,FOTN,Rafael Fiziev
UFC Fight Night: Figueiredo vs. Benavidez 2,Deiveson Figueiredo,POTN,
UFC Fight Night: Figueiredo vs. Benavidez 2,Ariane Lipski,POTN,
UFC Fight Night: Fiziev vs. Gamrot,Tim Means,FOTN,André Fialho
UFC Fight Night: Fiziev vs. Gamrot,André Fialho,FOTN,Tim Means
UFC Fight Night: Fiziev vs. Gamrot,Marina Rodriguez,POTN,
UFC Fight Night: Fiziev vs. Gamrot,Charles Jourdain,POTN,
UFC Fight Night: Florian vs Lauzon,Kenny Florian,FOTN,Joe Lauzon
UFC Fight Night: Florian vs Lauzon,Joe Lauzon,FOTN,Kenny Florian
UFC Fight Night: Florian vs Lauzon,James Irvin,KOTN,
UFC Fight Night: Florian vs Lauzon,Nate Diaz,SOTN,
UFC Fight Night: Font vs. Aldo,Cheyanne Vlismas,FOTN,Mallory Martin
UFC Fight Night: Font vs. Aldo,Mallory Martin,FOTN,Cheyanne Vlismas
UFC Fight Night: Font vs. Aldo,Rafael Fiziev,POTN,
UFC Fight Night: Font vs. Aldo,Jamahal Hill,POTN,
UFC Fight Night: Font vs. Aldo,Clay Guida,POTN,
UFC Fight Night: Font vs. Aldo,Chris Curtis,POTN,
UFC Fight Night: Font vs. Garbrandt,Jared Vanderaa,FOTN,Justin Tafa
UFC Fight Night: Font vs. Garbrandt,Justin Tafa,FOTN,Jared Vanderaa
UFC Fight Night: Font vs. Garbrandt,Carla Esparza,POTN,
UFC Fight Night: Font vs. Garbrandt,Bruno Gustavo da Silva,POTN,
UFC Fight Night: Gaethje vs. Vick,Cory Sandhagen,FOTN,Iuri Alcântara
UFC Fight Night: Gaethje vs. Vick,Iuri Alcântara,FOTN,Cory Sandhagen
UFC Fight Night: Gaethje vs. Vick,Justin Gaethje,POTN,
UFC Fight Night: Gaethje vs. Vick,Eryk Anders,POTN,
UFC Fight Night: Gane vs. Spivac,Benoît Saint Denis,FOTN,Thiago Moisés
UFC Fight Night: Gane vs. Spivac,Thiago Moisés,FOTN,Benoît Saint Denis
UFC Fight Night: Gane vs. Spivac,Ciryl Gane,POTN,
UFC Fight Night: Gane vs. Spivac,Morgan Charrière,POTN,
UFC Fight Night: Gane vs. Tuivasa,Ciryl Gane,FOTN,Tai Tuivasa
UFC Fight Night: Gane vs. Tuivasa,Tai Tuivasa,FOTN,Ciryl Gane
UFC Fight Night: Gane vs. Tuivasa,Abusupiyan Magomedov,POTN,
UFC Fight Night: Gane vs. Tuivasa,Benoît Saint Denis,POTN,
UFC Fight Night: Gane vs. Volkov,Timur Valiev,FOTN,Raoni Barcelos
UFC Fight Night: Gane vs. Volkov,Raoni Barcelos,FOTN,Timur Valiev
UFC Fight Night: Gane vs. Volkov,Kennedy Nzechukwu,POTN,
UFC Fight Night: Gane vs. Volkov,Marcin Prachnio,POTN,
UFC Fight Night: Garcia vs. Onama,Steve Garcia,POTN,
UFC Fight Night: Garcia vs. Onama,Waldo Cortes-Acosta,POTN,
UFC Fight Night: Garcia vs. Onama,Allan Nascimento,POTN,
UFC Fight Night: Garcia vs. Onama,Donte Johnson,POTN,
UFC Fight Night: Grasso vs. Shevchenko 2,Raúl Rosas Jr,POTN,
UFC Fight Night: Grasso vs. Shevchenko 2,Daniel Zellhuber,POTN,
UFC Fight Night: Grasso vs. Shevchenko 2,Lupita Godinez,POTN,
UFC Fight Night: Grasso vs. Shevchenko 2,Roman Kopylov,POTN,
UFC Fight Night: Grasso vs. Shevchenko 2,Charlie Campbell,POTN,
UFC Fight Night: Gustafsson vs. Smith,Anthony Smith,POTN,
UFC Fight Night: Gustafsson vs. Smith,Aleksandar Rakić,POTN,
UFC Fight Night: Gustafsson vs. Smith,Makwan Amirkhani,POTN,
UFC Fight Night: Gustafsson vs. Smith,Leonardo Santos,POTN,
UFC Fight Night: Gustafsson vs. Teixeira,Alexander Gustafsson,FOTN,Glover Teixeira
UFC Fight Night: Gustafsson vs. Teixeira,Glover Teixeira,FOTN,Alexander Gustafsson
UFC Fight Night: Gustafsson vs. Teixeira,Bojan Veličković,POTN,
UFC Fight Night: Gustafsson vs. Teixeira,Damir Hadžović,POTN,
UFC Fight Night: Hall vs. Silva,Kevin Holland,POTN,
UFC Fight Night: Hall vs. Silva,Alexander Hernandez,POTN,
UFC Fight Night: Hall vs. Silva,Adrian Yañez,POTN,
UFC Fight Night: Hall vs. Silva,Miles Johns,POTN,
UFC Fight Night: Hall vs. Strickland,Jason Witt,FOTN,Bryan Barberena
UFC Fight Night: Hall vs. Strickland,Bryan Barberena,FOTN,Jason Witt
UFC Fight Night: Hall vs. Strickland,Cheyanne Buys,POTN,
UFC Fight Night: Hall vs. Strickland,Melsik Baghdasaryan,POTN,
UFC Fight Night: Hermansson vs. Cannonier,Jared Cannonier,POTN,
UFC Fight Night: Hermansson vs. Cannonier,Ovince Saint Preux,POTN,
UFC Fight Night: Hermansson vs. Cannonier,John Phillips,POTN,
UFC Fight Night: Hermansson vs. Cannonier,Jack Shore,POTN,
UFC Fight Night: Hermansson vs. Pyfer,Dan Ige,POTN,
UFC Fight Night: Hermansson vs. Pyfer,Rodolfo Vieira,POTN,
UFC Fight Night: Hermansson vs. Pyfer,Carlos Prates,POTN,
UFC Fight Night: Hermansson vs. Pyfer,Bogdan Guskov,POTN,
UFC Fight Night: Hermansson vs. Strickland,Shavkat Rakhmonov,POTN,
UFC Fight Night: Hermansson vs. Strickland,Chidi Njokuani,POTN,
UFC Fight Night: Hernandez vs. Pereira,Darren Elkins,FOTN,Daniel Pineda
UFC Fight Night: Hernandez vs. Pereira,Daniel Pineda,FOTN,Darren Elkins
UFC Fight Night: Hernandez vs. Pereira,Anthony Hernandez,POTN,
UFC Fight Night: Hill vs. Rountree Jr.,Nazim Sadykhov,FOTN,Nikolas Motta
UFC Fight Night: Hill vs. Rountree Jr.,Nikolas Motta,FOTN,Nazim Sadykhov
UFC Fight Night: Hill vs. Rountree Jr.,Nazim Sadykhov,POTN,
UFC Fight Night: Hill vs. Rountree Jr.,Nikolas Motta,POTN,
UFC Fight Night: Holloway vs. Allen,Edson Barboza,POTN,
UFC Fight Night: Holloway vs. Allen,Brandon Royval,POTN,
UFC Fight Night: Holloway vs. Allen,Gillian Robertson,POTN,
UFC Fight Night: Holloway vs. Kattar,Max Holloway,FOTN,Calvin Kattar
UFC Fight Night: Holloway vs. Kattar,Calvin Kattar,FOTN,Max Holloway
UFC Fight Night: Holloway vs. Kattar,Li Jingliang,POTN,
UFC Fight Night: Holloway vs. Kattar,Alessio Di Chirico,POTN,
UFC Fight Night: Holloway vs. The Korean Zombie,Max Holloway,FOTN,Jung Chan-sung
UFC Fight Night: Holloway vs. The Korean Zombie,Jung Chan-sung,FOTN,Max Holloway
UFC Fight Night: Holloway vs. The Korean Zombie,Junior Tafa,POTN,
UFC Fight Night: Holloway vs. The Korean Zombie,Michał Oleksiejczuk,POTN,
UFC Fight Night: Holm vs. Aldana,Germaine de Randamie,POTN,
UFC Fight Night: Holm vs. Aldana,Kyler Phillips,POTN,
UFC Fight Night: Holm vs. Aldana,Duško Todorović,POTN,
UFC Fight Night: Holm vs. Aldana,Luigi Vendramini,POTN,
UFC Fight Night: Holm vs. Bueno Silva,Jack Della Maddalena,FOTN,Bassil Hafez
UFC Fight Night: Holm vs. Bueno Silva,Bassil Hafez,FOTN,Jack Della Maddalena
UFC Fight Night: Holm vs. Bueno Silva,Mayra Bueno Silva,POTN,
UFC Fight Night: Holm vs. Bueno Silva,Francisco Prado,POTN,
UFC Fight Night: Holm vs. Correia,Li Jingliang,FOTN,Frank Camacho
UFC Fight Night: Holm vs. Correia,Frank Camacho,FOTN,Li Jingliang
UFC Fight Night: Holm vs. Correia,Holly Holm,POTN,
UFC Fight Night: Holm vs. Correia,Ulka Sasaki,POTN,
UFC Fight Night: Holm vs. Vieira,Michel Pereira,FOTN,Santiago Ponzinibbio
UFC Fight Night: Holm vs. Vieira,Santiago Ponzinibbio,FOTN,Michel Pereira
UFC Fight Night: Holm vs. Vieira,Chidi Njokuani,POTN,
UFC Fight Night: Holm vs. Vieira,Chase Hooper,POTN,
UFC Fight Night: Hunt vs. Oleinik,Aleksei Oleinik,POTN,
UFC Fight Night: Hunt vs. Oleinik,Jan Błachowicz,POTN,
UFC Fight Night: Hunt vs. Oleinik,Magomed Ankalaev,POTN,
UFC Fight Night: Iaquinta vs. Cowboy,Donald Cerrone,FOTN,Al Iaquinta
UFC Fight Night: Iaquinta vs. Cowboy,Al Iaquinta,FOTN,Donald Cerrone
UFC Fight Night: Iaquinta vs. Cowboy,Walt Harris,POTN,
UFC Fight Night: Iaquinta vs. Cowboy,Macy Chiasson,POTN,
UFC Fight Night: Imavov vs. Borralho,Benoît Saint Denis,POTN,
UFC Fight Night: Imavov vs. Borralho,Mason Jones,POTN,
UFC Fight Night: Imavov vs. Borralho,Ante Delija,POTN,
UFC Fight Night: Imavov vs. Borralho,Kauê Fernandes,POTN,
UFC Fight Night: Joanna vs. Waterson,Cub Swanson,FOTN,Kron Gracie
UFC Fight Night: Joanna vs. Waterson,Kron Gracie,FOTN,Cub Swanson
UFC Fight Night: Joanna vs. Waterson,Niko Price,POTN,
UFC Fight Night: Joanna vs. Waterson,Marlon Vera,POTN,
UFC Fight Night: Kape vs. Almabayev,Nasrat Haqparast,FOTN,Esteban Ribovics
UFC Fight Night: Kape vs. Almabayev,Esteban Ribovics,FOTN,Nasrat Haqparast
UFC Fight Night: Kape vs. Almabayev,Manel Kape,POTN,
UFC Fight Night: Kape vs. Almabayev,Mário Pinto,POTN,
UFC Fight Night: Kattar vs. Allen,Tresean Gore,POTN,
UFC Fight Night: Kattar vs. Allen,Roman Dolidze,POTN,
UFC Fight Night: Kattar vs. Allen,Steve Garcia,POTN,
UFC Fight Night: Kattar vs. Allen,Christian Rodriguez,POTN,
UFC Fight Night: Kattar vs. Emmett,Josh Emmett,FOTN,Calvin Kattar
UFC Fight Night: Kattar vs. Emmett,Calvin Kattar,FOTN,Josh Emmett
UFC Fight Night: Kattar vs. Emmett,Kevin Holland,POTN,
UFC Fight Night: Kattar vs. Emmett,Joaquin Buckley,POTN,
UFC Fight Night: Kattar vs. Emmett,Gregory Rodrigues,POTN,
UFC Fight Night: Kattar vs. Emmett,Adrian Yañez,POTN,
UFC Fight Night: Kattar vs. Emmett,Jeremiah Wells,POTN,
UFC Fight Night: Kattar vs. Emmett,Ricardo Ramos,POTN,
UFC Fight Night: Kattar vs. Emmett,Cody Stamann,POTN,
UFC Fight Night: Kattar vs. Emmett,Phil Hawes,POTN,
UFC Fight Night: Kattar vs. Emmett,Roman Dolidze,POTN,
UFC Fight Night: Kattar vs. Ige,Khamzat Chimaev,POTN,
UFC Fight Night: Kattar vs. Ige,Lerone Murphy,POTN,
UFC Fight Night: Kattar vs. Ige,Modestas Bukauskas,POTN,
UFC Fight Night: Ladd vs. Dumont,Jim Miller,POTN,
UFC Fight Night: Ladd vs. Dumont,Nate Landwehr,POTN,
UFC Fight Night: Ladd vs. Dumont,Bruno Silva,POTN,
UFC Fight Night: Ladd vs. Dumont,Danaa Batgerel,POTN,
UFC Fight Night: Lauzon vs Stephens,Cain Velasquez,KOTN,
UFC Fight Night: Lauzon vs Stephens,Joe Lauzon,SOTN,
UFC Fight Night: Lee vs. Oliveira,Maryna Moroz,FOTN,Mayra Bueno Silva
UFC Fight Night: Lee vs. Oliveira,Mayra Bueno Silva,FOTN,Maryna Moroz
UFC Fight Night: Lee vs. Oliveira,Charles Oliveira,POTN,
UFC Fight Night: Lee vs. Oliveira,Gilbert Burns,POTN,
UFC Fight Night: Lemos vs. Andrade,Sergey Khandozhko,FOTN,Dwight Grant
UFC Fight Night: Lemos vs. Andrade,Dwight Grant,FOTN,Sergey Khandozhko
UFC Fight Night: Lemos vs. Andrade,Jéssica Andrade,POTN,
UFC Fight Night: Lemos vs. Andrade,Claudio Puelles,POTN,
UFC Fight Night: Lewis vs. Abdurakhimov,Gian Villante,FOTN,Saparbek Safarov
UFC Fight Night: Lewis vs. Abdurakhimov,Saparbek Safarov,FOTN,Gian Villante
UFC Fight Night: Lewis vs. Abdurakhimov,Francis Ngannou,POTN,
UFC Fight Night: Lewis vs. Abdurakhimov,Gerald Meerschaert,POTN,
UFC Fight Night: Lewis vs. Browne,Derrick Lewis,FOTN,Travis Browne
UFC Fight Night: Lewis vs. Browne,Travis Browne,FOTN,Derrick Lewis
UFC Fight Night: Lewis vs. Browne,Paul Felder,POTN,
UFC Fight Night: Lewis vs. Browne,Thiago Santos,POTN,
UFC Fight Night: Lewis vs. Daukaus,Amanda Lemos,FOTN,Angela Hill
UFC Fight Night: Lewis vs. Daukaus,Angela Hill,FOTN,Amanda Lemos
UFC Fight Night: Lewis vs. Daukaus,Cub Swanson,POTN,
UFC Fight Night: Lewis vs. Daukaus,Melissa Gatto,POTN,
UFC Fight Night: Lewis vs. Hunt,Mark Hunt,FOTN,Derrick Lewis
UFC Fight Night: Lewis vs. Hunt,Derrick Lewis,FOTN,Mark Hunt
UFC Fight Night: Lewis vs. Hunt,Dan Hooker,POTN,
UFC Fight Night: Lewis vs. Hunt,Ben Nguyen,POTN,
UFC Fight Night: Lewis vs. Nascimento,Trey Waters,FOTN,Billy Goff
UFC Fight Night: Lewis vs. Nascimento,Billy Goff,FOTN,Trey Waters
UFC Fight Night: Lewis vs. Nascimento,Carlos Ulberg,POTN,
UFC Fight Night: Lewis vs. Nascimento,Carlos Diego Ferreira,POTN,
UFC Fight Night: Lewis vs. Oleinik,Darren Stewart,POTN,
UFC Fight Night: Lewis vs. Oleinik,Kevin Holland,POTN,
UFC Fight Night: Lewis vs. Oleinik,Andrew Sanchez,POTN,
UFC Fight Night: Lewis vs. Oleinik,Gavin Tucker,POTN,
UFC Fight Night: Lewis vs. Spivac,Serghei Spivac,POTN,
UFC Fight Night: Lewis vs. Spivac,Anshul Jubli,POTN,
UFC Fight Night: Lewis vs. Spivac,Rinya Nakamura,POTN,
UFC Fight Night: Lewis vs. Spivac,Tatsuro Taira,POTN,
UFC Fight Night: Lewis vs. Teixeira,Morgan Charrière,FOTN,Nate Landwehr
UFC Fight Night: Lewis vs. Teixeira,Nate Landwehr,FOTN,Morgan Charrière
UFC Fight Night: Lewis vs. Teixeira,Valter Walker,POTN,
UFC Fight Night: Lewis vs. Teixeira,Fatima Kline,POTN,
UFC Fight Night: Lineker vs. Dodson,Brandon Moreno,POTN,
UFC Fight Night: Lineker vs. Dodson,Luis Henrique da Silva,POTN,
UFC Fight Night: Lineker vs. Dodson,Nate Marquardt,POTN,
UFC Fight Night: Lineker vs. Dodson,Curtis Blaydes,POTN,
UFC Fight Night: Lopes vs. Silva,Diego Lopes,FOTN,Jean Silva
UFC Fight Night: Lopes vs. Silva,Jean Silva,FOTN,Diego Lopes
UFC Fight Night: Lopes vs. Silva,Diego Lopes,POTN,
UFC Fight Night: Lopes vs. Silva,Santiago Luna,POTN,
UFC Fight Night: Machida vs. Anders,Thiago Santos,FOTN,Anthony Smith
UFC Fight Night: Machida vs. Anders,Anthony Smith,FOTN,Thiago Santos
UFC Fight Night: Machida vs. Anders,Valentina Shevchenko,POTN,
UFC Fight Night: Machida vs. Anders,Iuri Alcântara,POTN,
UFC Fight Night: Magny vs. Ponzinibbio,Laureano Staropoli,FOTN,Hector Aldana
UFC Fight Night: Magny vs. Ponzinibbio,Hector Aldana,FOTN,Laureano Staropoli
UFC Fight Night: Magny vs. Ponzinibbio,Santiago Ponzinibbio,POTN,
UFC Fight Night: Magny vs. Ponzinibbio,Johnny Walker,POTN,
UFC Fight Night: Magny vs. Prates,Carlos Prates,POTN,
UFC Fight Night: Magny vs. Prates,Mansur Abdul-Malik,POTN,
UFC Fight Night: Magny vs. Prates,Charles Radtke,POTN,
UFC Fight Night: Magny vs. Prates,Da'Mon Blackshear,POTN,
UFC Fight Night: Maia vs. Askren,Demian Maia,FOTN,Ben Askren
UFC Fight Night: Maia vs. Askren,Ben Askren,FOTN,Demian Maia
UFC Fight Night: Maia vs. Askren,Beneil Dariush,POTN,
UFC Fight Night: Maia vs. Askren,Ciryl Gane,POTN,
UFC Fight Night: Maia vs. Usman,Andrea Lee,FOTN,Veronica Macedo
UFC Fight Night: Maia vs. Usman,Veronica Macedo,FOTN,Andrea Lee
UFC Fight Night: Maia vs. Usman,Gabriel Benítez,POTN,
UFC Fight Night: Maia vs. Usman,Claudio Puelles,POTN,
UFC Fight Night: Makhachev vs. Green,Priscila Cachoeira,FOTN,Ji Yeon Kim
UFC Fight Night: Makhachev vs. Green,Ji Yeon Kim,FOTN,Priscila Cachoeira
UFC Fight Night: Makhachev vs. Green,Wellington Turman,POTN,
UFC Fight Night: Makhachev vs. Green,Arman Tsarukyan,POTN,
UFC Fight Night: Manuwa vs. Anderson,Jimi Manuwa,POTN,
UFC Fight Night: Manuwa vs. Anderson,Gunnar Nelson,POTN,
UFC Fight Night: Manuwa vs. Anderson,Marlon Vera,POTN,
UFC Fight Night: Manuwa vs. Anderson,Marc Diakiese,POTN,
UFC Fight Night: McDonald vs. Lineker,Tony Ferguson,FOTN,Lando Vannata
UFC Fight Night: McDonald vs. Lineker,Lando Vannata,FOTN,Tony Ferguson
UFC Fight Night: McDonald vs. Lineker,John Lineker,POTN,
UFC Fight Night: McDonald vs. Lineker,Louis Smolka,POTN,
UFC Fight Night: Moicano vs. Saint Denis,Bryan Battle,POTN,
UFC Fight Night: Moicano vs. Saint Denis,Morgan Charriere,POTN,
UFC Fight Night: Moicano vs. Saint Denis,Farès Ziam,POTN,
UFC Fight Night: Moicano vs. Saint Denis,Chris Duncan,POTN,
UFC Fight Night: Moicano vs. The Korean Zombie,Deron Winn,FOTN,Eric Spicely
UFC Fight Night: Moicano vs. The Korean Zombie,Eric Spicely,FOTN,Deron Winn
UFC Fight Night: Moicano vs. The Korean Zombie,Chan Sung Jung,POTN,
UFC Fight Night: Moicano vs. The Korean Zombie,Jairzinho Rozenstruik,POTN,
UFC Fight Night: Moraes vs. Sandhagen,Cory Sandhagen,POTN,
UFC Fight Night: Moraes vs. Sandhagen,Tom Breese,POTN,
UFC Fight Night: Moraes vs. Sandhagen,Chris Daukaus,POTN,
UFC Fight Night: Moraes vs. Sandhagen,Joaquin Buckley,POTN,
UFC Fight Night: Moreno vs. Albazi,Jasmine Jasudavicius,POTN,
UFC Fight Night: Moreno vs. Albazi,Dustin Stoltzfus,POTN,
UFC Fight Night: Moreno vs. Albazi,Charles Jourdain,POTN,
UFC Fight Night: Moreno vs. Albazi,Youssef Zalal,POTN,
UFC Fight Night: Moreno vs. Erceg,Manuel Torres,POTN,
UFC Fight Night: Moreno vs. Erceg,Édgar Cháirez,POTN,
UFC Fight Night: Moreno vs. Erceg,David Martínez,POTN,
UFC Fight Night: Moreno vs. Erceg,Ateba Gautier,POTN,
UFC Fight Night: Moreno vs. Royval 2,Daniel Zellhuber,FOTN,Francisco Prado
UFC Fight Night: Moreno vs. Royval 2,Francisco Prado,FOTN,Daniel Zellhuber
UFC Fight Night: Moreno vs. Royval 2,Brian Ortega,POTN,
UFC Fight Night: Moreno vs. Royval 2,Manuel Torres,POTN,
UFC Fight Night: Mousasi vs. Hall 2,Jack Marshman,POTN,
UFC Fight Night: Mousasi vs. Hall 2,Kevin Lee,POTN,
UFC Fight Night: Mousasi vs. Hall 2,Justin Ledet,POTN,
UFC Fight Night: Mousasi vs. Hall 2,Abdul Razak Alhassan,POTN,
UFC Fight Night: Muniz vs. Allen,Brendan Allen,POTN,
UFC Fight Night: Muniz vs. Allen,Tatiana Suarez,POTN,
UFC Fight Night: Muniz vs. Allen,Mike Malott,POTN,
UFC Fight Night: Muniz vs. Allen,Trevor Peek,POTN,
UFC Fight Night: Muniz vs. Allen,Jordan Leavitt,POTN,
UFC Fight Night: Muniz vs. Allen,Joe Solecki,POTN,
UFC Fight Night: Namajunas vs. VanZant,Jim Miller,FOTN,Michael Chiesa
UFC Fight Night: Namajunas vs. VanZant,Michael Chiesa,FOTN,Jim Miller
UFC Fight Night: Namajunas vs. VanZant,Rose Namajunas,POTN,
UFC Fight Night: Namajunas vs. VanZant,Tim Means,POTN,
UFC Fight Night: Nelson vs. Ponzinibbio,Danny Henry,FOTN,Daniel Teymur
UFC Fight Night: Nelson vs. Ponzinibbio,Daniel Teymur,FOTN,Danny Henry
UFC Fight Night: Nelson vs. Ponzinibbio,Santiago Ponzinibbio,POTN,
UFC Fight Night: Nelson vs. Ponzinibbio,Paul Felder,POTN,
UFC Fight Night: Oliveira vs. Gamrot,Charles Oliveira,POTN,
UFC Fight Night: Oliveira vs. Gamrot,Vitor Petrino,POTN,
UFC Fight Night: Oliveira vs. Gamrot,Beatriz Mesquita,POTN,
UFC Fight Night: Oliveira vs. Gamrot,Julia Polastri,POTN,
UFC Fight Night: Ortega vs. The Korean Zombie,Guram Kutateladze,FOTN,Mateusz Gamrot
UFC Fight Night: Ortega vs. The Korean Zombie,Mateusz Gamrot,FOTN,Guram Kutateladze
UFC Fight Night: Ortega vs. The Korean Zombie,Jéssica Andrade,POTN,
UFC Fight Night: Ortega vs. The Korean Zombie,Jimmy Crute,POTN,
UFC Fight Night: Overeem vs. Oleinik,Islam Makhachev,FOTN,Arman Tsarukyan
UFC Fight Night: Overeem vs. Oleinik,Arman Tsarukyan,FOTN,Islam Makhachev
UFC Fight Night: Overeem vs. Oleinik,Sergei Pavlovich,POTN,
UFC Fight Night: Overeem vs. Oleinik,Magomed Mustafaev,POTN,
UFC Fight Night: Overeem vs. Sakai,Ovince Saint Preux,POTN,
UFC Fight Night: Overeem vs. Sakai,Michel Pereira,POTN,
UFC Fight Night: Overeem vs. Sakai,André Muniz,POTN,
UFC Fight Night: Overeem vs. Sakai,Brian Kelleher,POTN,
UFC Fight Night: Overeem vs. Volkov,Beneil Dariush,FOTN,Carlos Diego Ferreira
UFC Fight Night: Overeem vs. Volkov,Carlos Diego Ferreira,FOTN,Beneil Dariush
UFC Fight Night: Overeem vs. Volkov,Alexander Volkov,POTN,
UFC Fight Night: Overeem vs. Volkov,Cory Sandhagen,POTN,
UFC Fight Night: Pavlovich vs. Blaydes,Sergei Pavlovich,POTN,
UFC Fight Night: Pavlovich vs. Blaydes,Bruno Silva,POTN,
UFC Fight Night: Pavlovich vs. Blaydes,Christos Giagos,POTN,
UFC Fight Night: Pavlovich vs. Blaydes,Montel Jackson,POTN,
UFC Fight Night: Perez vs. Taira,Gabriella Fernandes,FOTN,Carli Judice
UFC Fight Night: Perez vs. Taira,Carli Judice,FOTN,Gabriella Fernandes
UFC Fight Night: Perez vs. Taira,Tatsuro Taira,POTN,
UFC Fight Night: Perez vs. Taira,Brady Hiestand,POTN,
UFC Fight Night: Pettis vs. Moreno,Niko Price,POTN,
UFC Fight Night: Pettis vs. Moreno,Humberto Bandenay,POTN,
UFC Fight Night: Pettis vs. Moreno,Dustin Ortiz,POTN,
UFC Fight Night: Pettis vs. Moreno,Joseph Morales,POTN,
UFC Fight Night: Poirier vs. Johnson,Evan Dunham,FOTN,Rick Glenn
UFC Fight Night: Poirier vs. Johnson,Rick Glenn,FOTN,Evan Dunham
UFC Fight Night: Poirier vs. Johnson,Michael Johnson,POTN,
UFC Fight Night: Poirier vs. Johnson,Chas Skelly,POTN,
UFC Fight Night: Poirier vs. Pettis,Dustin Poirier,FOTN,Anthony Pettis
UFC Fight Night: Poirier vs. Pettis,Anthony Pettis,FOTN,Dustin Poirier
UFC Fight Night: Poirier vs. Pettis,Matt Brown,POTN,
UFC Fight Night: Poirier vs. Pettis,Raphael Assunção,POTN,
UFC Fight Night: Reyes vs. Prochazka,Jiří Procházka,POTN,
UFC Fight Night: Reyes vs. Prochazka,Giga Chikadze,POTN,
UFC Fight Night: Ribas vs. Namajunas,Jarno Errens,FOTN,Steven Nguyen
UFC Fight Night: Ribas vs. Namajunas,Steven Nguyen,FOTN,Jarno Errens
UFC Fight Night: Ribas vs. Namajunas,Payton Talbott,POTN,
UFC Fight Night: Ribas vs. Namajunas,Fernando Padilla,POTN,
UFC Fight Night: Rivera vs. Moraes,Marlon Moraes,POTN,
UFC Fight Night: Rivera vs. Moraes,Gregor Gillespie,POTN,
UFC Fight Night: Rivera vs. Moraes,Ben Saunders,POTN,
UFC Fight Night: Rivera vs. Moraes,Nathaniel Wood,POTN,
UFC Fight Night: Rockhold vs. Branch,Gregor Gillespie,FOTN,Jason Gonzalez
UFC Fight Night: Rockhold vs. Branch,Jason Gonzalez,FOTN,Gregor Gillespie
UFC Fight Night: Rockhold vs. Branch,Mike Perry,POTN,
UFC Fight Night: Rockhold vs. Branch,Uriah Hall,POTN,
UFC Fight Night: Rodriguez vs. Lemos,Neil Magny,POTN,
UFC Fight Night: Rodriguez vs. Lemos,Mario Bautista,POTN,
UFC Fight Night: Rodriguez vs. Lemos,Polyana Viana,POTN,
UFC Fight Night: Rodriguez vs. Lemos,Tamires Vidal,POTN,
UFC Fight Night: Rodriguez vs. Stephens,Carla Esparza,FOTN,Alexa Grasso
UFC Fight Night: Rodriguez vs. Stephens,Alexa Grasso,FOTN,Carla Esparza
UFC Fight Night: Rodriguez vs. Stephens,Steven Peterson,POTN,
UFC Fight Night: Rodriguez vs. Stephens,Paul Craig,POTN,
UFC Fight Night: Royval vs. Taira,Brandon Royval,FOTN,Tatsuro Taira
UFC Fight Night: Royval vs. Taira,Tatsuro Taira,FOTN,Brandon Royval
UFC Fight Night: Royval vs. Taira,Ramazan Temirov,POTN,
UFC Fight Night: Royval vs. Taira,Clayton Carpenter,POTN,
UFC Fight Night: Rozenstruik vs. Gane,Pedro Munhoz,FOTN,Jimmie Rivera
UFC Fight Night: Rozenstruik vs. Gane,Jimmie Rivera,FOTN,Pedro Munhoz
UFC Fight Night: Rozenstruik vs. Gane,Ronnie Lawrence,POTN,
UFC Fight Night: Rozenstruik vs. Gaziev,Vinicius Oliveira,FOTN,Bernardo Sopaj
UFC Fight Night: Rozenstruik vs. Gaziev,Bernardo Sopaj,FOTN,Vinicius Oliveira
UFC Fight Night: Rozenstruik vs. Gaziev,Steve Erceg,POTN,
UFC Fight Night: Rozenstruik vs. Gaziev,Vinicius Oliveira,POTN,
UFC Fight Night: Rozenstruik vs. Sakai,Santiago Ponzinibbio,FOTN,Miguel Baeza
UFC Fight Night: Rozenstruik vs. Sakai,Miguel Baeza,FOTN,Santiago Ponzinibbio
UFC Fight Night: Rozenstruik vs. Sakai,Jairzinho Rozenstruik,POTN,
UFC Fight Night: Rozenstruik vs. Sakai,Marcin Tybura,POTN,
UFC Fight Night: Saint Preux vs. Okami,Jéssica Andrade,FOTN,Cláudia Gadelha
UFC Fight Night: Saint Preux vs. Okami,Cláudia Gadelha,FOTN,Jéssica Andrade
UFC Fight Night: Saint Preux vs. Okami,Ovince Saint Preux,POTN,
UFC Fight Night: Saint Preux vs. Okami,Gökhan Saki,POTN,
UFC Fight Night: Sanchez vs Riggs,Karo Parisyan,FOTN,Drew Fickett
UFC Fight Night: Sanchez vs Riggs,Drew Fickett,FOTN,Karo Parisyan
UFC Fight Night: Sanchez vs Riggs,Alan Belcher,KOTN,
UFC Fight Night: Sandhagen vs. Dillashaw,Raulian Paiva,FOTN,Kyler Phillips
UFC Fight Night: Sandhagen vs. Dillashaw,Kyler Phillips,FOTN,Raulian Paiva
UFC Fight Night: Sandhagen vs. Dillashaw,Darren Elkins,POTN,
UFC Fight Night: Sandhagen vs. Dillashaw,Adrian Yañez,POTN,
UFC Fight Night: Sandhagen vs. Figueiredo,Cory Sandhagen,POTN,
UFC Fight Night: Sandhagen vs. Figueiredo,Reinier de Ridder,POTN,
UFC Fight Night: Sandhagen vs. Figueiredo,Azamat Bekoev,POTN,
UFC Fight Night: Sandhagen vs. Figueiredo,Quang Le,POTN,
UFC Fight Night: Sandhagen vs. Nurmagomedov,Joel Álvarez,POTN,
UFC Fight Night: Sandhagen vs. Nurmagomedov,Azamat Murzakanov,POTN,
UFC Fight Night: Sandhagen vs. Song,Gregory Rodrigues,FOTN,Chidi Njokuani
UFC Fight Night: Sandhagen vs. Song,Chidi Njokuani,FOTN,Gregory Rodrigues
UFC Fight Night: Sandhagen vs. Song,Joe Pyfer,POTN,
UFC Fight Night: Sandhagen vs. Song,Damon Jackson,POTN,
UFC Fight Night: Santos vs. Ankalaev,Song Yadong,POTN,
UFC Fight Night: Santos vs. Ankalaev,Khalil Rountree Jr,POTN,
UFC Fight Night: Santos vs. Ankalaev,Cody Brundage,POTN,
UFC Fight Night: Santos vs. Ankalaev,Azamat Murzakanov,POTN,
UFC Fight Night: Santos vs. Hill,Jamahal Hill,FOTN,Thiago Santos
UFC Fight Night: Santos vs. Hill,Thiago Santos,FOTN,Jamahal Hill
UFC Fight Night: Santos vs. Hill,Geoff Neal,POTN,
UFC Fight Night: Santos vs. Hill,Mohammed Usman,POTN,
UFC Fight Night: Santos vs. Hill,Bryan Battle,POTN,
UFC Fight Night: Santos vs. Teixeira,Raoni Barcelos,FOTN,Khalid Taha
UFC Fight Night: Santos vs. Teixeira,Khalid Taha,FOTN,Raoni Barcelos
UFC Fight Night: Santos vs. Teixeira,Giga Chikadze,POTN,
UFC Fight Night: Santos vs. Teixeira,Alexandr Romanov,POTN,
UFC Fight Night: Santos vs. Walker,Casey O'Neill,POTN,
UFC Fight Night: Santos vs. Walker,Jamie Mullarkey,POTN,
UFC Fight Night: Santos vs. Walker,Douglas Silva de Andrade,POTN,
UFC Fight Night: Santos vs. Walker,Alejandro Pérez,POTN,
UFC Fight Night: Shevchenko vs. Carmouche 2,Vicente Luque,FOTN,Mike Perry
UFC Fight Night: Shevchenko vs. Carmouche 2,Mike Perry,FOTN,Vicente Luque
UFC Fight Night: Shevchenko vs. Carmouche 2,Volkan Oezdemir,POTN,
UFC Fight Night: Shevchenko vs. Carmouche 2,Veronica Macedo,POTN,
UFC Fight Night: Shogun vs. Smith,Danny Roberts,FOTN,David Zawada
UFC Fight Night: Shogun vs. Smith,David Zawada,FOTN,Danny Roberts
UFC Fight Night: Shogun vs. Smith,Anthony Smith,POTN,
UFC Fight Night: Shogun vs. Smith,Manny Bermudez,POTN,
UFC Fight Night: Smith vs. Spann,Anthony Smith,POTN,
UFC Fight Night: Smith vs. Spann,Arman Tsarukyan,POTN,
UFC Fight Night: Smith vs. Spann,Nate Maness,POTN,
UFC Fight Night: Smith vs. Spann,Joaquin Buckley,POTN,
UFC Fight Night: Smith vs. Teixeira,Brian Kelleher,FOTN,Hunter Azure
UFC Fight Night: Smith vs. Teixeira,Hunter Azure,FOTN,Brian Kelleher
UFC Fight Night: Smith vs. Teixeira,Glover Teixeira,POTN,
UFC Fight Night: Smith vs. Teixeira,Drew Dober,POTN,
UFC Fight Night: Stephens vs. Choi,Jeremy Stephens,FOTN,Doo Ho Choi
UFC Fight Night: Stephens vs. Choi,Doo Ho Choi,FOTN,Jeremy Stephens
UFC Fight Night: Stephens vs. Choi,Darren Elkins,POTN,
UFC Fight Night: Stephens vs. Choi,Polo Reyes,POTN,
UFC Fight Night: Stevenson vs Guillard,Kenny Florian,FOTN,Dokonjonosuke Mishima
UFC Fight Night: Stevenson vs Guillard,Dokonjonosuke Mishima,FOTN,Kenny Florian
UFC Fight Night: Stevenson vs Guillard,Joe Stevenson,SOTN,
UFC Fight Night: Stevenson vs Guillard,Kurt Pellegrino,SOTN,
UFC Fight Night: Stout vs Fisher,Spencer Fisher,FOTN,Sam Stout
UFC Fight Night: Stout vs Fisher,Sam Stout,FOTN,Spencer Fisher
UFC Fight Night: Stout vs Fisher,Drew McFedries,KOTN,
UFC Fight Night: Stout vs Fisher,Thiago Tavares,SOTN,
UFC Fight Night: Strickland vs. Imavov,Dan Ige,POTN,
UFC Fight Night: Strickland vs. Imavov,Roman Kopylov,POTN,
UFC Fight Night: Strickland vs. Imavov,Umar Nurmagomedov,POTN,
UFC Fight Night: Strickland vs. Imavov,Allan Nascimento,POTN,
UFC Fight Night: Swanson vs. Lobov,Cub Swanson,FOTN,Artem Lobov
UFC Fight Night: Swanson vs. Lobov,Artem Lobov,FOTN,Cub Swanson
UFC Fight Night: Swanson vs. Lobov,Mike Perry,POTN,
UFC Fight Night: Swanson vs. Lobov,Brandon Moreno,POTN,
UFC Fight Night: Swanson vs. Ortega,Brian Ortega,FOTN,Cub Swanson
UFC Fight Night: Swanson vs. Ortega,Cub Swanson,FOTN,Brian Ortega
UFC Fight Night: Swanson vs. Ortega,Brian Ortega,POTN,
UFC Fight Night: Swanson vs. Ortega,Marlon Moraes,POTN,
UFC Fight Night: Swick vs Burkman,Gray Maynard,FOTN,Dennis Siver
UFC Fight Night: Swick vs Burkman,Dennis Siver,FOTN,Gray Maynard
UFC Fight Night: Swick vs Burkman,Patrick Côté,KOTN,
UFC Fight Night: Swick vs Burkman,Nate Diaz,SOTN,
UFC Fight Night: Thomas vs Florian,Cole Miller,FOTN,Leonard Garcia
UFC Fight Night: Thomas vs Florian,Leonard Garcia,FOTN,Cole Miller
UFC Fight Night: Thomas vs Florian,Chris Leben,KOTN,
UFC Fight Night: Thomas vs Florian,Dustin Hazelett,SOTN,
UFC Fight Night: Thompson vs. Neal,Stephen Thompson,POTN,
UFC Fight Night: Thompson vs. Neal,Rob Font,POTN,
UFC Fight Night: Thompson vs. Neal,Marcin Tybura,POTN,
UFC Fight Night: Thompson vs. Neal,Jimmy Flick,POTN,
UFC Fight Night: Thompson vs. Pettis,Bryce Mitchell,FOTN,Bobby Moffett
UFC Fight Night: Thompson vs. Pettis,Bobby Moffett,FOTN,Bryce Mitchell
UFC Fight Night: Thompson vs. Pettis,Anthony Pettis,POTN,
UFC Fight Night: Thompson vs. Pettis,Randa Markos,POTN,
UFC Fight Night: Thompson vs. Till,Arnold Allen,POTN,
UFC Fight Night: Thompson vs. Till,Cláudio Silva,POTN,
UFC Fight Night: Thompson vs. Till,Darren Stewart,POTN,
UFC Fight Night: Thompson vs. Till,Tom Breese,POTN,
UFC Fight Night: Till vs. Masvidal,Jorge Masvidal,FOTN,Darren Till
UFC Fight Night: Till vs. Masvidal,Darren Till,FOTN,Jorge Masvidal
UFC Fight Night: Till vs. Masvidal,Jorge Masvidal,POTN,
UFC Fight Night: Till vs. Masvidal,Dan Ige,POTN,
UFC Fight Night: Tsarukyan vs. Gamrot,Mateusz Gamrot,FOTN,Arman Tsarukyan
UFC Fight Night: Tsarukyan vs. Gamrot,Arman Tsarukyan,FOTN,Mateusz Gamrot
UFC Fight Night: Tsarukyan vs. Gamrot,Shavkat Rakhmonov,POTN,
UFC Fight Night: Tsarukyan vs. Gamrot,Josh Parisian,POTN,
UFC Fight Night: Tsarukyan vs. Gamrot,Thiago Moisés,POTN,
UFC Fight Night: Tsarukyan vs. Hooker,Arman Tsarukyan,POTN,
UFC Fight Night: Tsarukyan vs. Hooker,Waldo Cortes-Acosta,POTN,
UFC Fight Night: Tsarukyan vs. Hooker,Kyoji Horiguchi,POTN,
UFC Fight Night: Tsarukyan vs. Hooker,Luke Riley,POTN,
UFC Fight Night: Tuivasa vs. Tybura,Marcin Tybura,POTN,
UFC Fight Night: Tuivasa vs. Tybura,Macy Chiasson,POTN,
UFC Fight Night: Tuivasa vs. Tybura,Jafel Filho,POTN,
UFC Fight Night: Tuivasa vs. Tybura,Jaqueline Amorim,POTN,
UFC Fight Night: Tybura vs. Spivac 2,Serghei Spivac,POTN,
UFC Fight Night: Tybura vs. Spivac 2,Toshiomi Kazama,POTN,
UFC Fight Night: Tybura vs. Spivac 2,Youssef Zalal,POTN,
UFC Fight Night: Ulberg vs. Reyes,Carlos Ulberg,POTN,
UFC Fight Night: Ulberg vs. Reyes,Jimmy Crute,POTN,
UFC Fight Night: Ulberg vs. Reyes,Tom Nolan,POTN,
UFC Fight Night: Ulberg vs. Reyes,Brando Peričić,POTN,
UFC Fight Night: Vera vs. Sandhagen,Nazim Sadykhov,FOTN,Evan Elder
UFC Fight Night: Vera vs. Sandhagen,Evan Elder,FOTN,Nazim Sadykhov
UFC Fight Night: Vera vs. Sandhagen,Erin Blanchfield,POTN,
UFC Fight Night: Vera vs. Sandhagen,Mayra Bueno Silva,POTN,
UFC Fight Night: Vettori vs. Dolidze 2,Carlos Vera,POTN,
UFC Fight Night: Vettori vs. Dolidze 2,André Lima,POTN,
UFC Fight Night: Vettori vs. Dolidze 2,Priscila Cachoeira,POTN,
UFC Fight Night: Vettori vs. Dolidze 2,Carli Judice,POTN,
UFC Fight Night: Vieira vs. Tate,Adrian Yañez,FOTN,Davey Grant
UFC Fight Night: Vieira vs. Tate,Davey Grant,FOTN,Adrian Yañez
UFC Fight Night: Vieira vs. Tate,Taila Santos,POTN,
UFC Fight Night: Volkov vs. Aspinall,Tom Aspinall,POTN,
UFC Fight Night: Volkov vs. Aspinall,Arnold Allen,POTN,
UFC Fight Night: Volkov vs. Aspinall,Paddy Pimblett,POTN,
UFC Fight Night: Volkov vs. Aspinall,Molly McCann,POTN,
UFC Fight Night: Volkov vs. Aspinall,Ilia Topuria,POTN,
UFC Fight Night: Volkov vs. Aspinall,Makwan Amirkhani,POTN,
UFC Fight Night: Volkov vs. Aspinall,Sergei Pavlovich,POTN,
UFC Fight Night: Volkov vs. Aspinall,Paul Craig,POTN,
UFC Fight Night: Volkov vs. Aspinall,Muhammad Mokaev,POTN,
UFC Fight Night: Volkov vs. Struve,Alexander Volkov,FOTN,Stefan Struve
UFC Fight Night: Volkov vs. Struve,Stefan Struve,FOTN,Alexander Volkov
UFC Fight Night: Volkov vs. Struve,Mairbek Taisumov,POTN,
UFC Fight Night: Volkov vs. Struve,Zabit Magomedsharipov,POTN,
UFC Fight Night: Walker vs. Hill,Jamahal Hill,POTN,
UFC Fight Night: Walker vs. Hill,Kyle Daukaus,POTN,
UFC Fight Night: Walker vs. Hill,David Onama,POTN,
UFC Fight Night: Walker vs. Hill,Stephanie Egger,POTN,
UFC Fight Night: Walker vs. Zhang,Johnny Walker,POTN,
UFC Fight Night: Walker vs. Zhang,Charles Johnson,POTN,
UFC Fight Night: Walker vs. Zhang,Kyle Daukaus,POTN,
UFC Fight Night: Walker vs. Zhang,Uran Satybaldiev,POTN,
UFC Fight Night: Waterson vs. Hill,Michelle Waterson,FOTN,Angela Hill
UFC Fight Night: Waterson vs. Hill,Angela Hill,FOTN,Michelle Waterson
UFC Fight Night: Waterson vs. Hill,Ottman Azaitar,POTN,
UFC Fight Night: Waterson vs. Hill,Kevin Croom,POTN,
UFC Fight Night: Werdum vs. Tybura,Frank Camacho,FOTN,Damien Brown
UFC Fight Night: Werdum vs. Tybura,Damien Brown,FOTN,Frank Camacho
UFC Fight Night: Werdum vs. Tybura,Nik Lentz,POTN,
UFC Fight Night: Werdum vs. Tybura,Tai Tuivasa,POTN,
UFC Fight Night: Werdum vs. Volkov,Alexander Volkov,POTN,
UFC Fight Night: Werdum vs. Volkov,Paul Craig,POTN,
UFC Fight Night: Whittaker vs. Brunson,Robert Whittaker,FOTN,Derek Brunson
UFC Fight Night: Whittaker vs. Brunson,Derek Brunson,FOTN,Robert Whittaker
UFC Fight Night: Whittaker vs. Brunson,Robert Whittaker,POTN,
UFC Fight Night: Whittaker vs. Brunson,Tyson Pedro,POTN,
UFC Fight Night: Whittaker vs. Gastelum,Robert Whittaker,FOTN,Kelvin Gastelum
UFC Fight Night: Whittaker vs. Gastelum,Kelvin Gastelum,FOTN,Robert Whittaker
UFC Fight Night: Whittaker vs. Gastelum,Gerald Meerschaert,POTN,
UFC Fight Night: Whittaker vs. Gastelum,Tony Gravely,POTN,
UFC Fight Night: Whittaker vs. Till,Fabrício Werdum,POTN,
UFC Fight Night: Whittaker vs. Till,Paul Craig,POTN,
UFC Fight Night: Whittaker vs. Till,Khamzat Chimaev,POTN,
UFC Fight Night: Whittaker vs. Till,Jesse Ronson,POTN,
UFC Fight Night: Whittaker vs. Till,Tom Aspinall,POTN,
UFC Fight Night: Whittaker vs. Till,Tanner Boser,POTN,
UFC Fight Night: Woodley vs. Burns,Brandon Royval,FOTN,Tim Elliott
UFC Fight Night: Woodley vs. Burns,Tim Elliott,FOTN,Brandon Royval
UFC Fight Night: Woodley vs. Burns,Gilbert Burns,POTN,
UFC Fight Night: Woodley vs. Burns,Mackenzie Dern,POTN,
UFC Fight Night: Yan vs. Dvalishvili,Vitor Petrino,FOTN,Anton Turkalj
UFC Fight Night: Yan vs. Dvalishvili,Anton Turkalj,FOTN,Vitor Petrino
UFC Fight Night: Yan vs. Dvalishvili,Davey Grant,POTN,
UFC Fight Night: Yan vs. Dvalishvili,Bruno Gustavo da Silva,POTN,
UFC Fight Night: Yan vs. Figueiredo,Muslim Salikhov,POTN,
UFC Fight Night: Yan vs. Figueiredo,Gabriella Fernandes,POTN,
UFC Fight Night: Yan vs. Figueiredo,Zhang Mingyang,POTN,
UFC Fight Night: Yan vs. Figueiredo,Shi Ming,POTN,
UFC Fight Night: Yusuff vs. Barboza,Edson Barboza,FOTN,Sodiq Yusuff
UFC Fight Night: Yusuff vs. Barboza,Sodiq Yusuff,FOTN,Edson Barboza
UFC Fight Night: Yusuff vs. Barboza,Jonathan Martinez,POTN,
UFC Fight Night: Yusuff vs. Barboza,Michel Pereira,POTN,
UFC Fight Night: Zabit vs. Kattar,Zabit Magomedsharipov,FOTN,Calvin Kattar
UFC Fight Night: Zabit vs. Kattar,Calvin Kattar,FOTN,Zabit Magomedsharipov
UFC Fight Night: Zabit vs. Kattar,Magomed Ankalaev,POTN,
UFC Fight Night: Zabit vs. Kattar,David Zawada,POTN,
UFC on FX: Belfort vs. Rockhold,Lucas Martins,FOTN,Jeremy Larsen
UFC on FX: Belfort vs. Rockhold,Jeremy Larsen,FOTN,Lucas Martins
UFC on FX: Belfort vs. Rockhold,Vitor Belfort,KOTN,
UFC on FX: Belfort vs. Rockhold,Ronaldo Souza,SOTN,
UFC: Silva vs Irvin,Frankie Edgar,FOTN,Hermes França
UFC: Silva vs Irvin,Hermes França,FOTN,Frankie Edgar
UFC: Silva vs Irvin,Rory Markham,KOTN,
